date,iso3,country,arrivals,index_2019,date_idx,quarter_label
2019-01-01,ARE,United Arab Emirates,16760,82.22740095670305,0,2019Q1
2019-01-01,AUS,Australia,262712,91.91068942113253,0,2019Q1
2019-01-01,BGD,Bangladesh,30175,88.11119384462647,0,2019Q1
2019-01-01,BRN,Brunei Darussalam,18054,99.46559418213873,0,2019Q1
2019-01-01,CAN,Canada,44759,129.20909622337854,0,2019Q1
2019-01-01,CHE,Switzerland,26132,106.66013612105998,0,2019Q1
2019-01-01,CHN,China,960340,105.90661461434968,0,2019Q1
2019-01-01,DEU,Germany,133269,140.0042546821201,0,2019Q1
2019-01-01,DNK,Denmark,11153,117.24881074404057,0,2019Q1
2019-01-01,EGY,Egypt,1004,77.49903512157469,0,2019Q1
2019-01-01,ESP,Spain,12551,76.76569978134222,0,2019Q1
2019-01-01,FIN,Finland,10968,142.55727051177902,0,2019Q1
2019-01-01,FRA,France,57035,107.20461636780573,0,2019Q1
2019-01-01,GBR,United Kingdom,188565,124.092454851017,0,2019Q1
2019-01-01,HKG,Hong Kong SAR,103332,84.6043942997736,0,2019Q1
2019-01-01,IDN,Indonesia,724777,93.20014685146975,0,2019Q1
2019-01-01,IND,India,299994,84.62495936157654,0,2019Q1
2019-01-01,IRL,Rep Of Ireland,5851,94.7837356228738,0,2019Q1
2019-01-01,IRN,Iran,2730,137.11702661978904,0,2019Q1
2019-01-01,ISR,Israel,6215,102.31715849693377,0,2019Q1
2019-01-01,ITA,Italy,28196,109.79323235076515,0,2019Q1
2019-01-01,JPN,Japan,220335,99.6643703325086,0,2019Q1
2019-01-01,KOR,South Korea,182113,112.79000631727588,0,2019Q1
2019-01-01,KWT,Kuwait,2358,97.99480519480518,0,2019Q1
2019-01-01,LKA,Sri Lanka,19688,79.75693741138343,0,2019Q1
2019-01-01,MMR,Myanmar,35095,89.99121755463386,0,2019Q1
2019-01-01,MUS,Mauritius,2661,81.27672571777642,0,2019Q1
2019-01-01,MYS,Malaysia,283199,92.79660530993749,0,2019Q1
2019-01-01,NLD,Netherlands,23935,96.26657818265915,0,2019Q1
2019-01-01,NOR,Norway,9154,107.91629826112585,0,2019Q1
2019-01-01,NZL,New Zealand,27908,72.94921811183647,0,2019Q1
2019-01-01,PAK,Pakistan,4705,94.22248923600681,0,2019Q1
2019-01-01,PHL,Philippines,160839,77.5758598860519,0,2019Q1
2019-01-01,RUS,Russian Federation,29493,146.9891227152095,0,2019Q1
2019-01-01,SAU,Saudi Arabia,2680,69.29093142007628,0,2019Q1
2019-01-01,SWE,Sweden,18277,145.78738508784173,0,2019Q1
2019-01-01,THA,Thailand,113579,85.95564822049884,0,2019Q1
2019-01-01,TWN,Taiwan,112095,105.34526547768125,0,2019Q1
2019-01-01,USA,USA,188806,103.53916664038968,0,2019Q1
2019-01-01,VNM,Vietnam,118183,79.86066296587865,0,2019Q1
2019-01-01,ZAF,South Africa (Rep Of),8630,80.77310059199289,0,2019Q1
2019-04-01,ARE,United Arab Emirates,19930,97.77995829755918,1,2019Q2
2019-04-01,AUS,Australia,275772,96.47977497428576,1,2019Q2
2019-04-01,BGD,Bangladesh,34079,99.51089892397765,1,2019Q2
2019-04-01,BRN,Brunei Darussalam,15805,87.07509228141701,1,2019Q2
2019-04-01,CAN,Canada,29880,86.25679293895196,1,2019Q2
2019-04-01,CHE,Switzerland,21365,87.20319180416527,1,2019Q2
2019-04-01,CHN,China,851650,93.92024526345972,1,2019Q2
2019-04-01,DEU,Germany,69755,73.28033365112132,1,2019Q2
2019-04-01,DNK,Denmark,7017,73.76803595363873,1,2019Q2
2019-04-01,EGY,Egypt,1106,85.37244307217291,1,2019Q2
2019-04-01,ESP,Spain,11985,73.30387314790745,1,2019Q2
2019-04-01,FIN,Finland,5498,71.46060113728676,1,2019Q2
2019-04-01,FRA,France,44209,83.09650013157399,1,2019Q2
2019-04-01,GBR,United Kingdom,123557,81.31143872949438,1,2019Q2
2019-04-01,HKG,Hong Kong SAR,124861,102.23153792304447,1,2019Q2
2019-04-01,IDN,Indonesia,767729,98.72340808570364,1,2019Q2
2019-04-01,IND,India,447070,126.1134575417509,1,2019Q2
2019-04-01,IRL,Rep Of Ireland,5757,93.26097521464442,1,2019Q2
2019-04-01,IRN,Iran,923,46.35861376192869,1,2019Q2
2019-04-01,ISR,Israel,5096,83.89513108614233,1,2019Q2
2019-04-01,ITA,Italy,15560,60.589540905727965,1,2019Q2
2019-04-01,JPN,Japan,181059,81.89861450987665,1,2019Q2
2019-04-01,KOR,South Korea,128731,79.72835713666375,1,2019Q2
2019-04-01,KWT,Kuwait,1576,65.49610389610389,1,2019Q2
2019-04-01,LKA,Sri Lanka,24431,98.9710350415232,1,2019Q2
2019-04-01,MMR,Myanmar,42451,108.85360240523613,1,2019Q2
2019-04-01,MUS,Mauritius,2584,78.92486255345143,1,2019Q2
2019-04-01,MYS,Malaysia,303668,99.50373956566972,1,2019Q2
2019-04-01,NLD,Netherlands,19721,79.31786874201885,1,2019Q2
2019-04-01,NOR,Norway,7515,88.59416445623343,1,2019Q2
2019-04-01,NZL,New Zealand,41152,107.56794552595294,1,2019Q2
2019-04-01,PAK,Pakistan,4847,97.0661860418544,1,2019Q2
2019-04-01,PHL,Philippines,247230,119.2439634642631,1,2019Q2
2019-04-01,RUS,Russian Federation,14923,74.37421348384605,1,2019Q2
2019-04-01,SAU,Saudi Arabia,3601,93.10322538943831,1,2019Q2
2019-04-01,SWE,Sweden,8934,71.26248828444373,1,2019Q2
2019-04-01,THA,Thailand,138303,104.66656702242183,1,2019Q2
2019-04-01,TWN,Taiwan,95421,89.67528058473458,1,2019Q2
2019-04-01,USA,USA,172732,94.72435903587699,1,2019Q2
2019-04-01,VNM,Vietnam,167125,112.93259858162737,1,2019Q2
2019-04-01,ZAF,South Africa (Rep Of),9410,88.07356623066664,1,2019Q2
2019-07-01,ARE,United Arab Emirates,25922,127.17772599043298,2,2019Q3
2019-07-01,AUS,Australia,300912,105.27508973740004,2,2019Q3
2019-07-01,BGD,Bangladesh,35070,102.40462529017564,2,2019Q3
2019-07-01,BRN,Brunei Darussalam,17394,95.82943088535067,2,2019Q3
2019-07-01,CAN,Canada,29386,84.83072681740435,2,2019Q3
2019-07-01,CHE,Switzerland,24130,98.4887909307048,2,2019Q3
2019-07-01,CHN,China,1035141,114.15569377357242,2,2019Q3
2019-07-01,DEU,Germany,78031,81.97459271924087,2,2019Q3
2019-07-01,DNK,Denmark,11067,116.34471339588426,2,2019Q3
2019-07-01,EGY,Egypt,1559,120.3396372057121,2,2019Q3
2019-07-01,ESP,Spain,26177,160.10642364562148,2,2019Q3
2019-07-01,FIN,Finland,5428,70.55077173030055,2,2019Q3
2019-07-01,FRA,France,66043,124.1363106650126,2,2019Q3
2019-07-01,GBR,United Kingdom,144505,95.09707627739088,2,2019Q3
2019-07-01,HKG,Hong Kong SAR,138939,113.75808016506255,2,2019Q3
2019-07-01,IDN,Indonesia,759905,97.7173083488661,2,2019Q3
2019-07-01,IND,India,325837,91.91498124461828,2,2019Q3
2019-07-01,IRL,Rep Of Ireland,6760,109.5091527620282,2,2019Q3
2019-07-01,IRN,Iran,2294,115.2184831742843,2,2019Q3
2019-07-01,ISR,Israel,5963,98.16849816849818,2,2019Q3
2019-07-01,ITA,Italy,36110,140.6097893384214,2,2019Q3
2019-07-01,JPN,Japan,260337,117.75851852521974,2,2019Q3
2019-07-01,KOR,South Korea,176422,109.2653379742602,2,2019Q3
2019-07-01,KWT,Kuwait,4155,172.67532467532467,2,2019Q3
2019-07-01,LKA,Sri Lanka,25775,104.41563702653433,2,2019Q3
2019-07-01,MMR,Myanmar,38489,98.69417217439245,2,2019Q3
2019-07-01,MUS,Mauritius,2748,83.93402565668907,2,2019Q3
2019-07-01,MYS,Malaysia,291734,95.59329253807148,2,2019Q3
2019-07-01,NLD,Netherlands,32972,132.6133952721386,2,2019Q3
2019-07-01,NOR,Norway,9184,108.26996758031241,2,2019Q3
2019-07-01,NZL,New Zealand,47618,124.46953805537585,2,2019Q3
2019-07-01,PAK,Pakistan,5602,112.1858415940723,2,2019Q3
2019-07-01,PHL,Philippines,198140,95.56687667681547,2,2019Q3
2019-07-01,RUS,Russian Federation,12474,62.16872874070197,2,2019Q3
2019-07-01,SAU,Saudi Arabia,5938,153.5259517807511,2,2019Q3
2019-07-01,SWE,Sweden,8960,71.46987855704229,2,2019Q3
2019-07-01,THA,Thailand,131611,99.60211674647665,2,2019Q3
2019-07-01,TWN,Taiwan,134254,126.1699743203588,2,2019Q3
2019-07-01,USA,USA,175701,96.35252649747946,2,2019Q3
2019-07-01,VNM,Vietnam,181561,122.68754244475002,2,2019Q3
2019-07-01,ZAF,South Africa (Rep Of),9972,93.33364531904438,2,2019Q3
2019-10-01,ARE,United Arab Emirates,18918,92.8149147553048,3,2019Q4
2019-10-01,AUS,Australia,303940,106.33444586718166,3,2019Q4
2019-10-01,BGD,Bangladesh,37662,109.97328194122026,3,2019Q4
2019-10-01,BRN,Brunei Darussalam,21351,117.62988265109361,3,2019Q4
2019-10-01,CAN,Canada,34538,99.70338402026516,3,2019Q4
2019-10-01,CHE,Switzerland,26374,107.64788114406996,3,2019Q4
2019-10-01,CHN,China,779989,86.0174463486182,3,2019Q4
2019-10-01,DEU,Germany,99702,104.74081894751771,3,2019Q4
2019-10-01,DNK,Denmark,8812,92.63843990643643,3,2019Q4
2019-10-01,EGY,Egypt,1513,116.78888460054036,3,2019Q4
2019-10-01,ESP,Spain,14686,89.82400342512881,3,2019Q4
2019-10-01,FIN,Finland,8881,115.43135662063362,3,2019Q4
2019-10-01,FRA,France,45521,85.56257283560768,3,2019Q4
2019-10-01,GBR,United Kingdom,151194,99.49903014209775,3,2019Q4
2019-10-01,HKG,Hong Kong SAR,121410,99.40598761211932,3,2019Q4
2019-10-01,IDN,Indonesia,858215,110.35913671396047,3,2019Q4
2019-10-01,IND,India,345092,97.34660185205428,3,2019Q4
2019-10-01,IRL,Rep Of Ireland,6324,102.44613640045361,3,2019Q4
2019-10-01,IRN,Iran,2017,101.305876443998,3,2019Q4
2019-10-01,ISR,Israel,7023,115.61921224842574,3,2019Q4
2019-10-01,ITA,Italy,22858,89.00743740508547,3,2019Q4
2019-10-01,JPN,Japan,222577,100.67849663239507,3,2019Q4
2019-10-01,KOR,South Korea,158582,98.21629857180017,3,2019Q4
2019-10-01,KWT,Kuwait,1536,63.833766233766234,3,2019Q4
2019-10-01,LKA,Sri Lanka,28846,116.85639052055903,3,2019Q4
2019-10-01,MMR,Myanmar,39958,102.46100786573756,3,2019Q4
2019-10-01,MUS,Mauritius,5103,155.86438607208308,3,2019Q4
2019-10-01,MYS,Malaysia,342129,112.10636258632131,3,2019Q4
2019-10-01,NLD,Netherlands,22825,91.80215780318342,3,2019Q4
2019-10-01,NOR,Norway,8077,95.21956970232833,3,2019Q4
2019-10-01,NZL,New Zealand,36349,95.01329830683476,3,2019Q4
2019-10-01,PAK,Pakistan,4820,96.52548312806648,3,2019Q4
2019-10-01,PHL,Philippines,223116,107.61329997286948,3,2019Q4
2019-10-01,RUS,Russian Federation,23369,116.46793506024245,3,2019Q4
2019-10-01,SAU,Saudi Arabia,3252,84.07989140973434,3,2019Q4
2019-10-01,SWE,Sweden,13976,111.48024807067223,3,2019Q4
2019-10-01,THA,Thailand,145054,109.77566801060266,3,2019Q4
2019-10-01,TWN,Taiwan,83859,78.80947961722534,3,2019Q4
2019-10-01,USA,USA,192170,105.38394782625386,3,2019Q4
2019-10-01,VNM,Vietnam,125077,84.51919600774396,3,2019Q4
2019-10-01,ZAF,South Africa (Rep Of),14725,137.8196878582961,3,2019Q4
2020-01-01,ARE,United Arab Emirates,7033,34.50509015086471,4,2020Q1
2020-01-01,AUS,Australia,204153,71.42362350175277,4,2020Q1
2020-01-01,BGD,Bangladesh,21423,62.55529762165477,4,2020Q1
2020-01-01,BRN,Brunei Darussalam,7642,42.102363506142915,4,2020Q1
2020-01-01,CAN,Canada,26604,76.79972286974157,4,2020Q1
2020-01-01,CHE,Switzerland,18326,74.79923674248222,4,2020Q1
2020-01-01,CHN,China,336757,37.137673967224686,4,2020Q1
2020-01-01,DEU,Germany,94843,99.63625094220197,4,2020Q1
2020-01-01,DNK,Denmark,9123,95.9079082236064,4,2020Q1
2020-01-01,EGY,Egypt,955,73.71671169432652,4,2020Q1
2020-01-01,ESP,Spain,10070,61.59115582807076,4,2020Q1
2020-01-01,FIN,Finland,8901,115.69130787977254,4,2020Q1
2020-01-01,FRA,France,40572,76.26029096650501,4,2020Q1
2020-01-01,GBR,United Kingdom,131723,86.68538928401618,4,2020Q1
2020-01-01,HKG,Hong Kong SAR,56804,46.50900024972265,4,2020Q1
2020-01-01,IDN,Indonesia,443994,57.093845418896386,4,2020Q1
2020-01-01,IND,India,170437,48.078375563208006,4,2020Q1
2020-01-01,IRL,Rep Of Ireland,4623,74.89065284302607,4,2020Q1
2020-01-01,IRN,Iran,1019,51.18031140130588,4,2020Q1
2020-01-01,ISR,Israel,4546,74.8405152899535,4,2020Q1
2020-01-01,ITA,Italy,19391,75.5071842996768,4,2020Q1
2020-01-01,JPN,Japan,122270,55.306522161961674,4,2020Q1
2020-01-01,KOR,South Korea,87670,54.29760562856895,4,2020Q1
2020-01-01,KWT,Kuwait,1268,52.69610389610389,4,2020Q1
2020-01-01,LKA,Sri Lanka,11487,46.53433259064209,4,2020Q1
2020-01-01,MMR,Myanmar,24121,61.85149333623945,4,2020Q1
2020-01-01,MUS,Mauritius,1475,45.05192425167991,4,2020Q1
2020-01-01,MYS,Malaysia,146436,47.983092084244674,4,2020Q1
2020-01-01,NLD,Netherlands,17480,70.30456597588811,4,2020Q1
2020-01-01,NOR,Norway,7307,86.14205717653994,4,2020Q1
2020-01-01,NZL,New Zealand,23453,61.30421428898168,4,2020Q1
2020-01-01,PAK,Pakistan,2801,56.09292079703615,4,2020Q1
2020-01-01,PHL,Philippines,93455,45.075211768607,4,2020Q1
2020-01-01,RUS,Russian Federation,28722,143.14656300228012,4,2020Q1
2020-01-01,SAU,Saudi Arabia,3458,89.4059853920238,4,2020Q1
2020-01-01,SWE,Sweden,13007,103.75097214190278,4,2020Q1
2020-01-01,THA,Thailand,61717,46.706915373656464,4,2020Q1
2020-01-01,TWN,Taiwan,60949,57.27899179802127,4,2020Q1
2020-01-01,USA,USA,120553,66.10996025549451,4,2020Q1
2020-01-01,VNM,Vietnam,71531,48.33616579890733,4,2020Q1
2020-01-01,ZAF,South Africa (Rep Of),7236,67.72585815569647,4,2020Q1
2020-04-01,ARE,United Arab Emirates,22,0.10793572917944315,5,2020Q2
2020-04-01,AUS,Australia,86,0.03008739338217287,5,2020Q2
2020-04-01,BGD,Bangladesh,16,0.04672010278422612,5,2020Q2
2020-04-01,BRN,Brunei Darussalam,4,0.022037353313867008,5,2020Q2
2020-04-01,CAN,Canada,10,0.028867735253999983,5,2020Q2
2020-04-01,CHE,Switzerland,15,0.06122386506260139,5,2020Q2
2020-04-01,CHN,China,159,0.01753457288427182,5,2020Q2
2020-04-01,DEU,Germany,28,0.029415086262366812,5,2020Q2
2020-04-01,DNK,Denmark,1,0.010512759862282846,5,2020Q2
2020-04-01,EGY,Egypt,0,0.0,5,2020Q2
2020-04-01,ESP,Spain,3,0.018348904417498736,5,2020Q2
2020-04-01,FIN,Finland,2,0.025995125913891148,5,2020Q2
2020-04-01,FRA,France,28,0.05262960039096274,5,2020Q2
2020-04-01,GBR,United Kingdom,112,0.07370591012814627,5,2020Q2
2020-04-01,HKG,Hong Kong SAR,83,0.06795730970929827,5,2020Q2
2020-04-01,IDN,Indonesia,705,0.09065699315829033,5,2020Q2
2020-04-01,IND,India,296,0.08349829653601958,5,2020Q2
2020-04-01,IRL,Rep Of Ireland,3,0.04859873643285275,5,2020Q2
2020-04-01,IRN,Iran,0,0.0,5,2020Q2
2020-04-01,ISR,Israel,8,0.13170350249001936,5,2020Q2
2020-04-01,ITA,Italy,11,0.04283322300533468,5,2020Q2
2020-04-01,JPN,Japan,192,0.08684756894656613,5,2020Q2
2020-04-01,KOR,South Korea,65,0.040257150289232144,5,2020Q2
2020-04-01,KWT,Kuwait,0,0.0,5,2020Q2
2020-04-01,LKA,Sri Lanka,10,0.04051043143609479,5,2020Q2
2020-04-01,MMR,Myanmar,21,0.05384857012814678,5,2020Q2
2020-04-01,MUS,Mauritius,1,0.030543677458766034,5,2020Q2
2020-04-01,MYS,Malaysia,717,0.23494138753041213,5,2020Q2
2020-04-01,NLD,Netherlands,10,0.040220003418700294,5,2020Q2
2020-04-01,NOR,Norway,9,0.10610079575596816,5,2020Q2
2020-04-01,NZL,New Zealand,5,0.013069589026773054,5,2020Q2
2020-04-01,PAK,Pakistan,4,0.08010413537598877,5,2020Q2
2020-04-01,PHL,Philippines,225,0.10852199077563078,5,2020Q2
2020-04-01,RUS,Russian Federation,49,0.24420937215763963,5,2020Q2
2020-04-01,SAU,Saudi Arabia,2,0.05170965031348976,5,2020Q2
2020-04-01,SWE,Sweden,3,0.023929646838295404,5,2020Q2
2020-04-01,THA,Thailand,449,0.3397994880303927,5,2020Q2
2020-04-01,TWN,Taiwan,40,0.037591423516724655,5,2020Q2
2020-04-01,USA,USA,177,0.097064884036254,5,2020Q2
2020-04-01,VNM,Vietnam,56,0.0378412895770898,5,2020Q2
2020-04-01,ZAF,South Africa (Rep Of),7,0.06551699932143108,5,2020Q2
2020-07-01,ARE,United Arab Emirates,188,0.9223598675334231,6,2020Q3
2020-07-01,AUS,Australia,452,0.15813374196211785,6,2020Q3
2020-07-01,BGD,Bangladesh,74,0.2160804753770458,6,2020Q3
2020-07-01,BRN,Brunei Darussalam,113,0.6225552311167429,6,2020Q3
2020-07-01,CAN,Canada,133,0.3839408788781998,6,2020Q3
2020-07-01,CHE,Switzerland,139,0.5673411495801063,6,2020Q3
2020-07-01,CHN,China,5543,0.611283883632193,6,2020Q3
2020-07-01,DEU,Germany,285,0.29940355659909074,6,2020Q3
2020-07-01,DNK,Denmark,60,0.6307655917369708,6,2020Q3
2020-07-01,EGY,Egypt,26,2.0069471246622927,6,2020Q3
2020-07-01,ESP,Spain,101,0.6177464487224574,6,2020Q3
2020-07-01,FIN,Finland,71,0.9228269699431356,6,2020Q3
2020-07-01,FRA,France,520,0.9774068644035939,6,2020Q3
2020-07-01,GBR,United Kingdom,770,0.5067281321310056,6,2020Q3
2020-07-01,HKG,Hong Kong SAR,966,0.7909248334841221,6,2020Q3
2020-07-01,IDN,Indonesia,3248,0.41766512592642124,6,2020Q3
2020-07-01,IND,India,1609,0.4538809429947821,6,2020Q3
2020-07-01,IRL,Rep Of Ireland,50,0.8099789405475457,6,2020Q3
2020-07-01,IRN,Iran,17,0.8538422903063787,6,2020Q3
2020-07-01,ISR,Israel,69,1.135942708976417,6,2020Q3
2020-07-01,ITA,Italy,120,0.46727152369456015,6,2020Q3
2020-07-01,JPN,Japan,1429,0.646381125128349,6,2020Q3
2020-07-01,KOR,South Korea,794,0.4917565743023127,6,2020Q3
2020-07-01,KWT,Kuwait,9,0.374025974025974,6,2020Q3
2020-07-01,LKA,Sri Lanka,86,0.3483897103504152,6,2020Q3
2020-07-01,MMR,Myanmar,451,1.1564621489425808,6,2020Q3
2020-07-01,MUS,Mauritius,0,0.0,6,2020Q3
2020-07-01,MYS,Malaysia,2407,0.7887083957959581,6,2020Q3
2020-07-01,NLD,Netherlands,128,0.5148160437593637,6,2020Q3
2020-07-01,NOR,Norway,67,0.789861479516652,6,2020Q3
2020-07-01,NZL,New Zealand,102,0.2666196161461703,6,2020Q3
2020-07-01,PAK,Pakistan,88,1.7622909782717533,6,2020Q3
2020-07-01,PHL,Philippines,1240,0.5980767491634763,6,2020Q3
2020-07-01,RUS,Russian Federation,93,0.4634994206257242,6,2020Q3
2020-07-01,SAU,Saudi Arabia,10,0.2585482515674488,6,2020Q3
2020-07-01,SWE,Sweden,44,0.35096815362833267,6,2020Q3
2020-07-01,THA,Thailand,709,0.5365653385602416,6,2020Q3
2020-07-01,TWN,Taiwan,356,0.33456366929884945,6,2020Q3
2020-07-01,USA,USA,1116,0.6120023196862117,6,2020Q3
2020-07-01,VNM,Vietnam,709,0.4790977555385119,6,2020Q3
2020-07-01,ZAF,South Africa (Rep Of),41,0.38374242459695346,6,2020Q3
2020-10-01,ARE,United Arab Emirates,214,1.0499202747454923,7,2020Q4
2020-10-01,AUS,Australia,1548,0.5415730808791116,7,2020Q4
2020-10-01,BGD,Bangladesh,384,1.121282466821427,7,2020Q4
2020-10-01,BRN,Brunei Darussalam,394,2.1706793014159,7,2020Q4
2020-10-01,CAN,Canada,180,0.5196192345719998,7,2020Q4
2020-10-01,CHE,Switzerland,190,0.775502290792951,7,2020Q4
2020-10-01,CHN,China,14833,1.6357881735371314,7,2020Q4
2020-10-01,DEU,Germany,407,0.42756928959940327,7,2020Q4
2020-10-01,DNK,Denmark,64,0.6728166311861021,7,2020Q4
2020-10-01,EGY,Egypt,25,1.9297568506368197,7,2020Q4
2020-10-01,ESP,Spain,82,0.5015367207449656,7,2020Q4
2020-10-01,FIN,Finland,47,0.6108854589764419,7,2020Q4
2020-10-01,FRA,France,501,0.9416939212811548,7,2020Q4
2020-10-01,GBR,United Kingdom,762,0.5014634242647095,7,2020Q4
2020-10-01,HKG,Hong Kong SAR,1123,0.9194705879944816,7,2020Q4
2020-10-01,IDN,Indonesia,9749,1.2536383351775493,7,2020Q4
2020-10-01,IND,India,3180,0.897042510082913,7,2020Q4
2020-10-01,IRL,Rep Of Ireland,40,0.6479831524380367,7,2020Q4
2020-10-01,IRN,Iran,16,0.803616273229533,7,2020Q4
2020-10-01,ISR,Israel,113,1.8603119726715232,7,2020Q4
2020-10-01,ITA,Italy,163,0.6347104863517775,7,2020Q4
2020-10-01,JPN,Japan,1988,0.8992342034675702,7,2020Q4
2020-10-01,KOR,South Korea,993,0.6150053882647311,7,2020Q4
2020-10-01,KWT,Kuwait,1,0.04155844155844156,7,2020Q4
2020-10-01,LKA,Sri Lanka,170,0.6886773344136113,7,2020Q4
2020-10-01,MMR,Myanmar,1519,3.8950465726026167,7,2020Q4
2020-10-01,MUS,Mauritius,11,0.3359804520464264,7,2020Q4
2020-10-01,MYS,Malaysia,4090,1.3401816945598126,7,2020Q4
2020-10-01,NLD,Netherlands,242,0.973324082732547,7,2020Q4
2020-10-01,NOR,Norway,47,0.5540819333922782,7,2020Q4
2020-10-01,NZL,New Zealand,207,0.5410809857084043,7,2020Q4
2020-10-01,PAK,Pakistan,83,1.6621608090517672,7,2020Q4
2020-10-01,PHL,Philippines,2961,1.428149398607301,7,2020Q4
2020-10-01,RUS,Russian Federation,127,0.6329508217146986,7,2020Q4
2020-10-01,SAU,Saudi Arabia,24,0.6205158037618771,7,2020Q4
2020-10-01,SWE,Sweden,60,0.47859293676590825,7,2020Q4
2020-10-01,THA,Thailand,747,0.5653234244069117,7,2020Q4
2020-10-01,TWN,Taiwan,542,0.5093637886516191,7,2020Q4
2020-10-01,USA,USA,1336,0.7326479382623466,7,2020Q4
2020-10-01,VNM,Vietnam,2128,1.4379690039294124,7,2020Q4
2020-10-01,ZAF,South Africa (Rep Of),42,0.39310199592858647,7,2020Q4
2021-01-01,ARE,United Arab Emirates,195,0.9567030540905188,8,2021Q1
2021-01-01,AUS,Australia,1087,0.38029065821420827,8,2021Q1
2021-01-01,BGD,Bangladesh,4966,14.500751901654183,8,2021Q1
2021-01-01,BRN,Brunei Darussalam,311,1.7134042201531596,8,2021Q1
2021-01-01,CAN,Canada,240,0.6928256460959997,8,2021Q1
2021-01-01,CHE,Switzerland,181,0.7387679717553902,8,2021Q1
2021-01-01,CHN,China,19989,2.2043935684510028,8,2021Q1
2021-01-01,DEU,Germany,475,0.4990059276651513,8,2021Q1
2021-01-01,DNK,Denmark,102,1.0723015059528505,8,2021Q1
2021-01-01,EGY,Egypt,20,1.5438054805094559,8,2021Q1
2021-01-01,ESP,Spain,116,0.7094909708099512,8,2021Q1
2021-01-01,FIN,Finland,77,1.000812347684809,8,2021Q1
2021-01-01,FRA,France,753,1.4153603247998197,8,2021Q1
2021-01-01,GBR,United Kingdom,425,0.2796876053969837,8,2021Q1
2021-01-01,HKG,Hong Kong SAR,778,0.6369974331787235,8,2021Q1
2021-01-01,IDN,Indonesia,7833,1.007257060154451,8,2021Q1
2021-01-01,IND,India,11354,3.202836685371508,8,2021Q1
2021-01-01,IRL,Rep Of Ireland,42,0.6803823100599384,8,2021Q1
2021-01-01,IRN,Iran,16,0.803616273229533,8,2021Q1
2021-01-01,ISR,Israel,69,1.135942708976417,8,2021Q1
2021-01-01,ITA,Italy,336,1.3083602663447682,8,2021Q1
2021-01-01,JPN,Japan,1514,0.684829267630735,8,2021Q1
2021-01-01,KOR,South Korea,1221,0.7562150846638839,8,2021Q1
2021-01-01,KWT,Kuwait,5,0.20779220779220778,8,2021Q1
2021-01-01,LKA,Sri Lanka,517,2.094389305246101,8,2021Q1
2021-01-01,MMR,Myanmar,3092,7.928560896963326,8,2021Q1
2021-01-01,MUS,Mauritius,8,0.24434941967012827,8,2021Q1
2021-01-01,MYS,Malaysia,3915,1.2828389570175223,8,2021Q1
2021-01-01,NLD,Netherlands,262,1.0537640895699476,8,2021Q1
2021-01-01,NOR,Norway,99,1.16710875331565,8,2021Q1
2021-01-01,NZL,New Zealand,122,0.3188979722532625,8,2021Q1
2021-01-01,PAK,Pakistan,69,1.3817963352358067,8,2021Q1
2021-01-01,PHL,Philippines,2755,1.3287914870527235,8,2021Q1
2021-01-01,RUS,Russian Federation,135,0.6728217396179869,8,2021Q1
2021-01-01,SAU,Saudi Arabia,19,0.4912416779781526,8,2021Q1
2021-01-01,SWE,Sweden,106,0.8455141882864378,8,2021Q1
2021-01-01,THA,Thailand,578,0.4374256215625101,8,2021Q1
2021-01-01,TWN,Taiwan,872,0.8194930326645974,8,2021Q1
2021-01-01,USA,USA,1319,0.7233253222814634,8,2021Q1
2021-01-01,VNM,Vietnam,1202,0.8122362512796775,8,2021Q1
2021-01-01,ZAF,South Africa (Rep Of),26,0.24334885462245828,8,2021Q1
2021-04-01,ARE,United Arab Emirates,123,0.6034588495032503,9,2021Q2
2021-04-01,AUS,Australia,685,0.23964958682312112,9,2021Q2
2021-04-01,BGD,Bangladesh,1735,5.0662111456645205,9,2021Q2
2021-04-01,BRN,Brunei Darussalam,192,1.0577929590656163,9,2021Q2
2021-04-01,CAN,Canada,91,0.2626963908113999,9,2021Q2
2021-04-01,CHE,Switzerland,84,0.34285364435056787,9,2021Q2
2021-04-01,CHN,China,23427,2.5835373519486535,9,2021Q2
2021-04-01,DEU,Germany,213,0.2237647633530047,9,2021Q2
2021-04-01,DNK,Denmark,43,0.4520486740781624,9,2021Q2
2021-04-01,EGY,Egypt,12,0.9262832883056734,9,2021Q2
2021-04-01,ESP,Spain,48,0.2935824706799798,9,2021Q2
2021-04-01,FIN,Finland,33,0.4289195775792039,9,2021Q2
2021-04-01,FRA,France,283,0.531934889665802,9,2021Q2
2021-04-01,GBR,United Kingdom,328,0.21585302251814267,9,2021Q2
2021-04-01,HKG,Hong Kong SAR,858,0.702498454585276,9,2021Q2
2021-04-01,IDN,Indonesia,5597,0.7197265116410652,9,2021Q2
2021-04-01,IND,India,3825,1.078989811656334,9,2021Q2
2021-04-01,IRL,Rep Of Ireland,20,0.32399157621901836,9,2021Q2
2021-04-01,IRN,Iran,4,0.20090406830738325,9,2021Q2
2021-04-01,ISR,Israel,140,2.3048112935753386,9,2021Q2
2021-04-01,ITA,Italy,82,0.31930220785794944,9,2021Q2
2021-04-01,JPN,Japan,1199,0.542344974827775,9,2021Q2
2021-04-01,KOR,South Korea,539,0.33382467701378654,9,2021Q2
2021-04-01,KWT,Kuwait,0,0.0,9,2021Q2
2021-04-01,LKA,Sri Lanka,172,0.6967794207008303,9,2021Q2
2021-04-01,MMR,Myanmar,2071,5.310494701685332,9,2021Q2
2021-04-01,MUS,Mauritius,7,0.21380574221136225,9,2021Q2
2021-04-01,MYS,Malaysia,2688,0.8807844486495785,9,2021Q2
2021-04-01,NLD,Netherlands,133,0.5349260454687138,9,2021Q2
2021-04-01,NOR,Norway,60,0.7073386383731212,9,2021Q2
2021-04-01,NZL,New Zealand,129,0.3371953968907448,9,2021Q2
2021-04-01,PAK,Pakistan,13,0.26033843997196354,9,2021Q2
2021-04-01,PHL,Philippines,1796,0.866246646369035,9,2021Q2
2021-04-01,RUS,Russian Federation,57,0.2840802900609278,9,2021Q2
2021-04-01,SAU,Saudi Arabia,10,0.25854825156744876,9,2021Q2
2021-04-01,SWE,Sweden,37,0.29513231100564336,9,2021Q2
2021-04-01,THA,Thailand,508,0.38445020026601223,9,2021Q2
2021-04-01,TWN,Taiwan,509,0.4783508642503212,9,2021Q2
2021-04-01,USA,USA,1023,0.5610021263790274,9,2021Q2
2021-04-01,VNM,Vietnam,422,0.2851611464559267,9,2021Q2
2021-04-01,ZAF,South Africa (Rep Of),27,0.2527084259540913,9,2021Q2
2021-07-01,ARE,United Arab Emirates,202,0.9910462406476143,10,2021Q3
2021-07-01,AUS,Australia,868,0.3036727611130936,10,2021Q3
2021-07-01,BGD,Bangladesh,388,1.1329624925174835,10,2021Q3
2021-07-01,BRN,Brunei Darussalam,255,1.4048812737590215,10,2021Q3
2021-07-01,CAN,Canada,264,0.7621082107055996,10,2021Q3
2021-07-01,CHE,Switzerland,219,0.8938684299139804,10,2021Q3
2021-07-01,CHN,China,30528,3.366637993780189,10,2021Q3
2021-07-01,DEU,Germany,1059,1.112520583994516,10,2021Q3
2021-07-01,DNK,Denmark,77,0.8094825093957793,10,2021Q3
2021-07-01,EGY,Egypt,19,1.4666152064839828,10,2021Q3
2021-07-01,ESP,Spain,106,0.6483279560849554,10,2021Q3
2021-07-01,FIN,Finland,46,0.5978878960194963,10,2021Q3
2021-07-01,FRA,France,761,1.4303973534829517,10,2021Q3
2021-07-01,GBR,United Kingdom,1049,0.6903348189680844,10,2021Q3
2021-07-01,HKG,Hong Kong SAR,2021,1.6547195532830339,10,2021Q3
2021-07-01,IDN,Indonesia,1140,0.14659428680915032,10,2021Q3
2021-07-01,IND,India,1105,0.3117081678118298,10,2021Q3
2021-07-01,IRL,Rep Of Ireland,91,1.4741616717965333,10,2021Q3
2021-07-01,IRN,Iran,8,0.4018081366147665,10,2021Q3
2021-07-01,ISR,Israel,158,2.601144174177882,10,2021Q3
2021-07-01,ITA,Italy,156,0.6074529808029282,10,2021Q3
2021-07-01,JPN,Japan,1418,0.6414054831574519,10,2021Q3
2021-07-01,KOR,South Korea,1094,0.677558806406461,10,2021Q3
2021-07-01,KWT,Kuwait,12,0.4987012987012987,10,2021Q3
2021-07-01,LKA,Sri Lanka,23,0.09317399230301802,10,2021Q3
2021-07-01,MMR,Myanmar,493,1.2641592891988742,10,2021Q3
2021-07-01,MUS,Mauritius,6,0.1832620647525962,10,2021Q3
2021-07-01,MYS,Malaysia,2034,0.6664864466343909,10,2021Q3
2021-07-01,NLD,Netherlands,205,0.824510070083356,10,2021Q3
2021-07-01,NOR,Norway,107,1.2614205717653995,10,2021Q3
2021-07-01,NZL,New Zealand,198,0.5175557254602129,10,2021Q3
2021-07-01,PAK,Pakistan,12,0.24031240612796634,10,2021Q3
2021-07-01,PHL,Philippines,1485,0.7162451391191631,10,2021Q3
2021-07-01,RUS,Russian Federation,73,0.3638221258675039,10,2021Q3
2021-07-01,SAU,Saudi Arabia,55,1.4220153836209686,10,2021Q3
2021-07-01,SWE,Sweden,96,0.765748698825453,10,2021Q3
2021-07-01,THA,Thailand,888,0.6720310587327144,10,2021Q3
2021-07-01,TWN,Taiwan,977,0.9181705193959998,10,2021Q3
2021-07-01,USA,USA,2165,1.1872625646242367,10,2021Q3
2021-07-01,VNM,Vietnam,309,0.2088028299878705,10,2021Q3
2021-07-01,ZAF,South Africa (Rep Of),38,0.3556637106020544,10,2021Q3
2021-10-01,ARE,United Arab Emirates,420,2.060591193425733,11,2021Q4
2021-10-01,AUS,Australia,7412,2.5931134854495963,11,2021Q4
2021-10-01,BGD,Bangladesh,10808,31.559429430744746,11,2021Q4
2021-10-01,BRN,Brunei Darussalam,490,2.699575780948708,11,2021Q4
2021-10-01,CAN,Canada,1093,3.155243463262199,11,2021Q4
2021-10-01,CHE,Switzerland,831,3.391802124468118,11,2021Q4
2021-10-01,CHN,China,14308,1.5778909989192529,11,2021Q4
2021-10-01,DEU,Germany,3665,3.8502246839847984,11,2021Q4
2021-10-01,DNK,Denmark,508,5.340482010039686,11,2021Q4
2021-10-01,EGY,Egypt,43,3.31918178309533,11,2021Q4
2021-10-01,ESP,Spain,507,3.1009648465572863,11,2021Q4
2021-10-01,FIN,Finland,199,2.586515028432169,11,2021Q4
2021-10-01,FRA,France,2417,4.54306229089132,11,2021Q4
2021-10-01,GBR,United Kingdom,6750,4.442097262187388,11,2021Q4
2021-10-01,HKG,Hong Kong SAR,1775,1.4533039124578846,11,2021Q4
2021-10-01,IDN,Indonesia,18887,2.4287072762845807,11,2021Q4
2021-10-01,IND,India,38096,10.746456435257437,11,2021Q4
2021-10-01,IRL,Rep Of Ireland,110,1.7819536692046007,11,2021Q4
2021-10-01,IRN,Iran,26,1.305876443997991,11,2021Q4
2021-10-01,ISR,Israel,337,5.548010042392065,11,2021Q4
2021-10-01,ITA,Italy,656,2.5544176628635955,11,2021Q4
2021-10-01,JPN,Japan,1789,0.8092203169031604,11,2021Q4
2021-10-01,KOR,South Korea,4272,2.6458237851630724,11,2021Q4
2021-10-01,KWT,Kuwait,21,0.8727272727272727,11,2021Q4
2021-10-01,LKA,Sri Lanka,756,3.062588616568766,11,2021Q4
2021-10-01,MMR,Myanmar,4545,11.654369106306051,11,2021Q4
2021-10-01,MUS,Mauritius,14,0.42761148442272456,11,2021Q4
2021-10-01,MYS,Malaysia,15580,5.105142005193614,11,2021Q4
2021-10-01,NLD,Netherlands,1357,5.45785446391763,11,2021Q4
2021-10-01,NOR,Norway,159,1.874447391688771,11,2021Q4
2021-10-01,NZL,New Zealand,146,0.3816319995817732,11,2021Q4
2021-10-01,PAK,Pakistan,101,2.022629418243717,11,2021Q4
2021-10-01,PHL,Philippines,5458,2.6325023362373012,11,2021Q4
2021-10-01,RUS,Russian Federation,123,0.6130153627630546,11,2021Q4
2021-10-01,SAU,Saudi Arabia,112,2.8957404175554267,11,2021Q4
2021-10-01,SWE,Sweden,306,2.4408239775061316,11,2021Q4
2021-10-01,THA,Thailand,2405,1.8200841174011015,11,2021Q4
2021-10-01,TWN,Taiwan,1049,0.985835081726104,11,2021Q4
2021-10-01,USA,USA,6450,3.5371101809821375,11,2021Q4
2021-10-01,VNM,Vietnam,1511,1.021039081267548,11,2021Q4
2021-10-01,ZAF,South Africa (Rep Of),68,0.6364508505510448,11,2021Q4
2022-01-01,ARE,United Arab Emirates,1397,6.85391880289464,12,2022Q1
2022-01-01,AUS,Australia,16188,5.6634270240769125,12,2022Q1
2022-01-01,BGD,Bangladesh,15734,45.94338107543837,12,2022Q1
2022-01-01,BRN,Brunei Darussalam,556,3.0631921106275137,12,2022Q1
2022-01-01,CAN,Canada,1885,5.441568095378997,12,2022Q1
2022-01-01,CHE,Switzerland,1666,6.79993061295293,12,2022Q1
2022-01-01,CHN,China,12315,1.358102296036525,12,2022Q1
2022-01-01,DEU,Germany,5272,5.538440527685637,12,2022Q1
2022-01-01,DNK,Denmark,972,10.218402586138927,12,2022Q1
2022-01-01,EGY,Egypt,38,2.933230412967966,12,2022Q1
2022-01-01,ESP,Spain,857,5.241670361932139,12,2022Q1
2022-01-01,FIN,Finland,431,5.6019496344435415,12,2022Q1
2022-01-01,FRA,France,4596,8.638772978459457,12,2022Q1
2022-01-01,GBR,United Kingdom,11657,7.671337449676796,12,2022Q1
2022-01-01,HKG,Hong Kong SAR,6469,5.296576343487357,12,2022Q1
2022-01-01,IDN,Indonesia,26379,3.392114641875944,12,2022Q1
2022-01-01,IND,India,54526,15.381176070685823,12,2022Q1
2022-01-01,IRL,Rep Of Ireland,198,3.2075166045682812,12,2022Q1
2022-01-01,IRN,Iran,19,0.9542943244600703,12,2022Q1
2022-01-01,ISR,Israel,713,11.738074659422972,12,2022Q1
2022-01-01,ITA,Italy,1008,3.9250807990343053,12,2022Q1
2022-01-01,JPN,Japan,1955,0.8843072775548791,12,2022Q1
2022-01-01,KOR,South Korea,6611,4.094461854801749,12,2022Q1
2022-01-01,KWT,Kuwait,10,0.41558441558441556,12,2022Q1
2022-01-01,LKA,Sri Lanka,2858,11.577881304435891,12,2022Q1
2022-01-01,MMR,Myanmar,8494,21.7804645080228,12,2022Q1
2022-01-01,MUS,Mauritius,18,0.5497861942577886,12,2022Q1
2022-01-01,MYS,Malaysia,20281,6.645531771972508,12,2022Q1
2022-01-01,NLD,Netherlands,2127,8.554794727157551,12,2022Q1
2022-01-01,NOR,Norway,332,3.9139404656646035,12,2022Q1
2022-01-01,NZL,New Zealand,327,0.8547511223509576,12,2022Q1
2022-01-01,PAK,Pakistan,150,3.0039050765995796,12,2022Q1
2022-01-01,PHL,Philippines,9745,4.70020800048232,12,2022Q1
2022-01-01,RUS,Russian Federation,177,0.8821440586102494,12,2022Q1
2022-01-01,SAU,Saudi Arabia,145,3.7489496477280073,12,2022Q1
2022-01-01,SWE,Sweden,788,6.285520569525594,12,2022Q1
2022-01-01,THA,Thailand,5720,4.328848711656674,12,2022Q1
2022-01-01,TWN,Taiwan,1558,1.4641859459764255,12,2022Q1
2022-01-01,USA,USA,11487,6.29934645720028,12,2022Q1
2022-01-01,VNM,Vietnam,4614,3.117851966226649,12,2022Q1
2022-01-01,ZAF,South Africa (Rep Of),111,1.0389124178112643,12,2022Q1
2022-04-01,ARE,United Arab Emirates,8598,42.18324543112964,13,2022Q2
2022-04-01,AUS,Australia,109198,38.20329282030829,13,2022Q2
2022-04-01,BGD,Bangladesh,21299,62.19321682507701,13,2022Q2
2022-04-01,BRN,Brunei Darussalam,5280,29.089306374304446,13,2022Q2
2022-04-01,CAN,Canada,9259,26.72863607167859,13,2022Q2
2022-04-01,CHE,Switzerland,6208,25.338516953908634,13,2022Q2
2022-04-01,CHN,China,22389,2.469066366704162,13,2022Q2
2022-04-01,DEU,Germany,21280,22.355465559398777,13,2022Q2
2022-04-01,DNK,Denmark,3000,31.538279586848535,13,2022Q2
2022-04-01,EGY,Egypt,228,17.599382477807797,13,2022Q2
2022-04-01,ESP,Spain,4031,24.654811235645806,13,2022Q2
2022-04-01,FIN,Finland,1746,22.693744922826966,13,2022Q2
2022-04-01,FRA,France,14313,26.90312394270892,13,2022Q2
2022-04-01,GBR,United Kingdom,38454,25.30613453631908,13,2022Q2
2022-04-01,HKG,Hong Kong SAR,24579,20.12437006439569,13,2022Q2
2022-04-01,IDN,Indonesia,255169,32.812559272635156,13,2022Q2
2022-04-01,IND,India,164614,46.435772249933535,13,2022Q2
2022-04-01,IRL,Rep Of Ireland,1875,30.37421027053297,13,2022Q2
2022-04-01,IRN,Iran,317,15.92164741336012,13,2022Q2
2022-04-01,ISR,Israel,2386,39.28056961764827,13,2022Q2
2022-04-01,ITA,Italy,3961,15.423854211284606,13,2022Q2
2022-04-01,JPN,Japan,19050,8.616907231417109,13,2022Q2
2022-04-01,KOR,South Korea,32916,20.38622090646716,13,2022Q2
2022-04-01,KWT,Kuwait,448,18.61818181818182,13,2022Q2
2022-04-01,LKA,Sri Lanka,8396,34.01255823374519,13,2022Q2
2022-04-01,MMR,Myanmar,20787,53.30239177398986,13,2022Q2
2022-04-01,MUS,Mauritius,258,7.880268784361637,13,2022Q2
2022-04-01,MYS,Malaysia,118411,38.80006225782933,13,2022Q2
2022-04-01,NLD,Netherlands,8918,35.86819904879692,13,2022Q2
2022-04-01,NOR,Norway,2441,28.77689360447981,13,2022Q2
2022-04-01,NZL,New Zealand,8418,22.00396008547511,13,2022Q2
2022-04-01,PAK,Pakistan,1594,31.92149794733153,13,2022Q2
2022-04-01,PHL,Philippines,71458,34.46561963042233,13,2022Q2
2022-04-01,RUS,Russian Federation,707,3.523592369703086,13,2022Q2
2022-04-01,SAU,Saudi Arabia,1092,28.233469071165405,13,2022Q2
2022-04-01,SWE,Sweden,2297,18.322132929188186,13,2022Q2
2022-04-01,THA,Thailand,52540,39.761837641685595,13,2022Q2
2022-04-01,TWN,Taiwan,6315,5.934745987702905,13,2022Q2
2022-04-01,USA,USA,62755,34.41416269884249,13,2022Q2
2022-04-01,VNM,Vietnam,75084,50.7370604751109,13,2022Q2
2022-04-01,ZAF,South Africa (Rep Of),1921,17.979736528067015,13,2022Q2
2022-07-01,ARE,United Arab Emirates,17276,84.75898442291181,14,2022Q3
2022-07-01,AUS,Australia,208365,72.8972060706564,14,2022Q3
2022-07-01,BGD,Bangladesh,34641,101.15194253427357,14,2022Q3
2022-07-01,BRN,Brunei Darussalam,10474,57.70480965236076,14,2022Q3
2022-07-01,CAN,Canada,17978,51.89841443964118,14,2022Q3
2022-07-01,CHE,Switzerland,13307,54.313731492535794,14,2022Q3
2022-07-01,CHN,China,45484,5.015990648227795,14,2022Q3
2022-07-01,DEU,Germany,47072,49.45096216221895,14,2022Q3
2022-07-01,DNK,Denmark,6312,66.35654025072932,14,2022Q3
2022-07-01,EGY,Egypt,616,47.549208799691236,14,2022Q3
2022-07-01,ESP,Spain,15039,91.98305784492118,14,2022Q3
2022-07-01,FIN,Finland,2644,34.36555645816409,14,2022Q3
2022-07-01,FRA,France,37416,70.32818315100936,14,2022Q3
2022-07-01,GBR,United Kingdom,80067,52.69117059134186,14,2022Q3
2022-07-01,HKG,Hong Kong SAR,35671,29.206086682414206,14,2022Q3
2022-07-01,IDN,Indonesia,347507,44.686439321217016,14,2022Q3
2022-07-01,IND,India,237772,67.07282758095421,14,2022Q3
2022-07-01,IRL,Rep Of Ireland,4557,73.82148064150333,14,2022Q3
2022-07-01,IRN,Iran,441,22.149673530889004,14,2022Q3
2022-07-01,ISR,Israel,4334,71.350372473968,14,2022Q3
2022-07-01,ITA,Italy,17904,69.71691133522837,14,2022Q3
2022-07-01,JPN,Japan,50736,22.949470094130103,14,2022Q3
2022-07-01,KOR,South Korea,86264,53.42681250077417,14,2022Q3
2022-07-01,KWT,Kuwait,2268,94.25454545454545,14,2022Q3
2022-07-01,LKA,Sri Lanka,11389,46.137330362568356,14,2022Q3
2022-07-01,MMR,Myanmar,27333,70.08776034822075,14,2022Q3
2022-07-01,MUS,Mauritius,604,18.448381185094686,14,2022Q3
2022-07-01,MYS,Malaysia,207394,67.95736977054713,14,2022Q3
2022-07-01,NLD,Netherlands,22123,88.97871356319065,14,2022Q3
2022-07-01,NOR,Norway,4810,56.70498084291187,14,2022Q3
2022-07-01,NZL,New Zealand,23167,60.55663379665026,14,2022Q3
2022-07-01,PAK,Pakistan,4062,81.3457494743166,14,2022Q3
2022-07-01,PHL,Philippines,132736,64.02122207819612,14,2022Q3
2022-07-01,RUS,Russian Federation,1692,8.432699136545434,14,2022Q3
2022-07-01,SAU,Saudi Arabia,3420,88.42350203606748,14,2022Q3
2022-07-01,SWE,Sweden,3898,31.092587791891834,14,2022Q3
2022-07-01,THA,Thailand,102325,77.43871405948761,14,2022Q3
2022-07-01,TWN,Taiwan,21442,20.15088257614025,14,2022Q3
2022-07-01,USA,USA,108120,59.29183763841686,14,2022Q3
2022-07-01,VNM,Vietnam,138938,93.88559091538754,14,2022Q3
2022-07-01,ZAF,South Africa (Rep Of),4463,41.771766853078134,14,2022Q3
2022-10-01,ARE,United Arab Emirates,15694,76.99742426100822,15,2022Q4
2022-10-01,AUS,Australia,231933,81.14255127101745,15,2022Q4
2022-10-01,BGD,Bangladesh,31313,91.43416115515454,15,2022Q4
2022-10-01,BRN,Brunei Darussalam,15330,84.45815657539531,15,2022Q4
2022-10-01,CAN,Canada,25902,74.77320785491077,15,2022Q4
2022-10-01,CHE,Switzerland,15110,61.67284007306048,15,2022Q4
2022-10-01,CHN,China,50680,5.5890072564458855,15,2022Q4
2022-10-01,DEU,Germany,56962,59.84079084560494,15,2022Q4
2022-10-01,DNK,Denmark,6123,64.36962863675787,15,2022Q4
2022-10-01,EGY,Egypt,762,58.81898880741027,15,2022Q4
2022-10-01,ESP,Spain,10530,64.40465450542057,15,2022Q4
2022-10-01,FIN,Finland,4960,64.46791226645003,15,2022Q4
2022-10-01,FRA,France,29765,55.94714484417879,15,2022Q4
2022-10-01,GBR,United Kingdom,96564,63.547656300127834,15,2022Q4
2022-10-01,HKG,Hong Kong SAR,62327,51.03102701507751,15,2022Q4
2022-10-01,IDN,Indonesia,475113,61.095483674347214,15,2022Q4
2022-10-01,IND,India,229557,64.75546776324002,15,2022Q4
2022-10-01,IRL,Rep Of Ireland,4456,72.18532318159727,15,2022Q4
2022-10-01,IRN,Iran,590,29.633350075339024,15,2022Q4
2022-10-01,ISR,Israel,4505,74.16553483969214,15,2022Q4
2022-10-01,ITA,Italy,10249,39.908882052879555,15,2022Q4
2022-10-01,JPN,Japan,60366,27.305418474106308,15,2022Q4
2022-10-01,KOR,South Korea,91738,56.8170838959012,15,2022Q4
2022-10-01,KWT,Kuwait,927,38.52467532467532,15,2022Q4
2022-10-01,LKA,Sri Lanka,12873,52.149078387684824,15,2022Q4
2022-10-01,MMR,Myanmar,28671,73.51868353067125,15,2022Q4
2022-10-01,MUS,Mauritius,1532,46.79291386682957,15,2022Q4
2022-10-01,MYS,Malaysia,244872,80.23789044260401,15,2022Q4
2022-10-01,NLD,Netherlands,18010,72.43622615707922,15,2022Q4
2022-10-01,NOR,Norway,5109,60.22988505747126,15,2022Q4
2022-10-01,NZL,New Zealand,25170,65.79231116077555,15,2022Q4
2022-10-01,PAK,Pakistan,4758,95.28386902973865,15,2022Q4
2022-10-01,PHL,Philippines,168049,81.05338679046211,15,2022Q4
2022-10-01,RUS,Russian Federation,7223,35.99845500193124,15,2022Q4
2022-10-01,SAU,Saudi Arabia,2512,64.94732079374313,15,2022Q4
2022-10-01,SWE,Sweden,6514,51.95923983488544,15,2022Q4
2022-10-01,THA,Thailand,122846,92.96883720842231,15,2022Q4
2022-10-01,TWN,Taiwan,35738,33.58605734101764,15,2022Q4
2022-10-01,USA,USA,136088,74.62918609449568,15,2022Q4
2022-10-01,VNM,Vietnam,94078,63.57201501488311,15,2022Q4
2022-10-01,ZAF,South Africa (Rep Of),6527,61.089922081568666,15,2022Q4
2023-01-01,ARE,United Arab Emirates,15840,77.71372500919907,16,2023Q1
2023-01-01,AUS,Australia,249541,87.30277013931163,16,2023Q1
2023-01-01,BGD,Bangladesh,26506,77.3976902749186,16,2023Q1
2023-01-01,BRN,Brunei Darussalam,12852,70.8060161974547,16,2023Q1
2023-01-01,CAN,Canada,37240,107.50344608589596,16,2023Q1
2023-01-01,CHE,Switzerland,17284,70.54621891613351,16,2023Q1
2023-01-01,CHN,China,124575,13.738172434328064,16,2023Q1
2023-01-01,DEU,Germany,92717,97.40280546385226,16,2023Q1
2023-01-01,DNK,Denmark,8569,90.08383925990171,16,2023Q1
2023-01-01,EGY,Egypt,565,43.612504824392126,16,2023Q1
2023-01-01,ESP,Spain,10467,64.01932751265309,16,2023Q1
2023-01-01,FIN,Finland,6690,86.95369618196587,16,2023Q1
2023-01-01,FRA,France,36519,68.64215630991316,16,2023Q1
2023-01-01,GBR,United Kingdom,134238,88.34048181948303,16,2023Q1
2023-01-01,HKG,Hong Kong SAR,69900,57.2315174539753,16,2023Q1
2023-01-01,IDN,Indonesia,496930,63.90096398602724,16,2023Q1
2023-01-01,IND,India,193245,54.51225781791589,16,2023Q1
2023-01-01,IRL,Rep Of Ireland,5627,91.15502996922082,16,2023Q1
2023-01-01,IRN,Iran,1745,87.64439979909594,16,2023Q1
2023-01-01,ISR,Israel,4491,73.93505371033461,16,2023Q1
2023-01-01,ITA,Italy,13586,52.90292434095246,16,2023Q1
2023-01-01,JPN,Japan,87569,39.61018106813464,16,2023Q1
2023-01-01,KOR,South Korea,160729,99.5460232128922,16,2023Q1
2023-01-01,KWT,Kuwait,1236,51.36623376623377,16,2023Q1
2023-01-01,LKA,Sri Lanka,11000,44.561474579704274,16,2023Q1
2023-01-01,MMR,Myanmar,25838,66.25425499862173,16,2023Q1
2023-01-01,MUS,Mauritius,1166,35.6139279169212,16,2023Q1
2023-01-01,MYS,Malaysia,258631,84.74634030457186,16,2023Q1
2023-01-01,NLD,Netherlands,20439,82.20566498748153,16,2023Q1
2023-01-01,NOR,Norway,6672,78.65605658709107,16,2023Q1
2023-01-01,NZL,New Zealand,24458,63.93120168336307,16,2023Q1
2023-01-01,PAK,Pakistan,4096,82.0266346250125,16,2023Q1
2023-01-01,PHL,Philippines,136521,65.84680312302173,16,2023Q1
2023-01-01,RUS,Russian Federation,20281,101.07776074957326,16,2023Q1
2023-01-01,SAU,Saudi Arabia,2100,54.29513282916424,16,2023Q1
2023-01-01,SWE,Sweden,8987,71.68524537858694,16,2023Q1
2023-01-01,THA,Thailand,110036,83.27433511116324,16,2023Q1
2023-01-01,TWN,Taiwan,75685,71.12767222158264,16,2023Q1
2023-01-01,USA,USA,157479,86.35977894432341,16,2023Q1
2023-01-01,VNM,Vietnam,91067,61.53736996280065,16,2023Q1
2023-01-01,ZAF,South Africa (Rep Of),5922,55.4273814259307,16,2023Q1
2023-04-01,ARE,United Arab Emirates,19479,95.56727584938058,17,2023Q2
2023-04-01,AUS,Australia,263407,92.15383754206988,17,2023Q2
2023-04-01,BGD,Bangladesh,29038,84.79114654052239,17,2023Q2
2023-04-01,BRN,Brunei Darussalam,14541,80.11128863423504,17,2023Q2
2023-04-01,CAN,Canada,28684,82.80421180257356,17,2023Q2
2023-04-01,CHE,Switzerland,16724,68.26052795379638,17,2023Q2
2023-04-01,CHN,China,299628,33.0430754979157,17,2023Q2
2023-04-01,DEU,Germany,61779,64.90123622152711,17,2023Q2
2023-04-01,DNK,Denmark,5633,59.218376304239264,17,2023Q2
2023-04-01,EGY,Egypt,619,47.78077962176766,17,2023Q2
2023-04-01,ESP,Spain,11768,71.97663572837506,17,2023Q2
2023-04-01,FIN,Finland,3661,47.58407798537774,17,2023Q2
2023-04-01,FRA,France,36526,68.6553137100109,17,2023Q2
2023-04-01,GBR,United Kingdom,96428,63.458156266400806,17,2023Q2
2023-04-01,HKG,Hong Kong SAR,82326,67.40546360394808,17,2023Q2
2023-04-01,IDN,Indonesia,620877,79.83949211509194,17,2023Q2
2023-04-01,IND,India,342064,96.49243684559796,17,2023Q2
2023-04-01,IRL,Rep Of Ireland,5296,85.79296938279606,17,2023Q2
2023-04-01,IRN,Iran,933,46.86087393269714,17,2023Q2
2023-04-01,ISR,Israel,3471,57.14285714285714,17,2023Q2
2023-04-01,ITA,Italy,11738,45.706942876056225,17,2023Q2
2023-04-01,JPN,Japan,76634,34.66394061797474,17,2023Q2
2023-04-01,KOR,South Korea,111170,68.85211381006057,17,2023Q2
2023-04-01,KWT,Kuwait,1580,65.66233766233766,17,2023Q2
2023-04-01,LKA,Sri Lanka,13541,54.85517520761596,17,2023Q2
2023-04-01,MMR,Myanmar,31768,81.46006551576032,17,2023Q2
2023-04-01,MUS,Mauritius,1293,39.49297495418449,17,2023Q2
2023-04-01,MYS,Malaysia,282482,92.56166392240709,17,2023Q2
2023-04-01,NLD,Netherlands,18070,72.67754617759142,17,2023Q2
2023-04-01,NOR,Norway,4851,57.18832891246684,17,2023Q2
2023-04-01,NZL,New Zealand,35563,92.95875891182602,17,2023Q2
2023-04-01,PAK,Pakistan,3630,72.6945028537098,17,2023Q2
2023-04-01,PHL,Philippines,187785,90.57245350134144,17,2023Q2
2023-04-01,RUS,Russian Federation,11806,58.839507095777414,17,2023Q2
2023-04-01,SAU,Saudi Arabia,4551,117.66530928834594,17,2023Q2
2023-04-01,SWE,Sweden,5273,42.06034259277723,17,2023Q2
2023-04-01,THA,Thailand,121131,91.67093938665813,17,2023Q2
2023-04-01,TWN,Taiwan,78573,73.84177299949016,17,2023Q2
2023-04-01,USA,USA,154751,84.86377327397935,17,2023Q2
2023-04-01,VNM,Vietnam,136319,92.11583489034473,17,2023Q2
2023-04-01,ZAF,South Africa (Rep Of),5946,55.65201113788989,17,2023Q2
2023-07-01,ARE,United Arab Emirates,25311,124.18005642094936,18,2023Q3
2023-07-01,AUS,Australia,283510,99.1869406718585,18,2023Q3
2023-07-01,BGD,Bangladesh,32464,94.79508854919482,18,2023Q3
2023-07-01,BRN,Brunei Darussalam,15824,87.17976970965788,18,2023Q3
2023-07-01,CAN,Canada,28054,80.98554448157155,18,2023Q3
2023-07-01,CHE,Switzerland,20939,85.46443403638739,18,2023Q3
2023-07-01,CHN,China,582450,64.23277972606365,18,2023Q3
2023-07-01,DEU,Germany,70782,74.35923699367312,18,2023Q3
2023-07-01,DNK,Denmark,6742,70.87702699151095,18,2023Q3
2023-07-01,EGY,Egypt,863,66.61520648398302,18,2023Q3
2023-07-01,ESP,Spain,22711,138.90732274193795,18,2023Q3
2023-07-01,FIN,Finland,3175,41.26726238830219,18,2023Q3
2023-07-01,FRA,France,56105,105.45656178339159,18,2023Q3
2023-07-01,GBR,United Kingdom,117366,77.23721292946443,18,2023Q3
2023-07-01,HKG,Hong Kong SAR,90650,74.22084488129987,18,2023Q3
2023-07-01,IDN,Indonesia,573611,73.76148723761712,18,2023Q3
2023-07-01,IND,India,257673,72.68667757880327,18,2023Q3
2023-07-01,IRL,Rep Of Ireland,6390,103.51530860197636,18,2023Q3
2023-07-01,IRN,Iran,1713,86.03716725263688,18,2023Q3
2023-07-01,ISR,Israel,5070,83.46709470304977,18,2023Q3
2023-07-01,ITA,Italy,34408,133.98232156068687,18,2023Q3
2023-07-01,JPN,Japan,157023,71.02638447237841,18,2023Q3
2023-07-01,KOR,South Korea,171324,106.10793871003705,18,2023Q3
2023-07-01,KWT,Kuwait,4189,174.08831168831168,18,2023Q3
2023-07-01,LKA,Sri Lanka,15232,61.70548916345959,18,2023Q3
2023-07-01,MMR,Myanmar,31601,81.0318411723603,18,2023Q3
2023-07-01,MUS,Mauritius,1202,36.71350030543678,18,2023Q3
2023-07-01,MYS,Malaysia,262304,85.94988244738805,18,2023Q3
2023-07-01,NLD,Netherlands,30778,123.78912652207573,18,2023Q3
2023-07-01,NOR,Norway,6976,82.23990568818155,18,2023Q3
2023-07-01,NZL,New Zealand,42871,112.0612702333575,18,2023Q3
2023-07-01,PAK,Pakistan,5511,110.36347251426855,18,2023Q3
2023-07-01,PHL,Philippines,189641,91.46763934525065,18,2023Q3
2023-07-01,RUS,Russian Federation,10453,52.096338105383815,18,2023Q3
2023-07-01,SAU,Saudi Arabia,10216,264.13289380130567,18,2023Q3
2023-07-01,SWE,Sweden,4810,38.36720043073364,18,2023Q3
2023-07-01,THA,Thailand,108612,82.19666368364591,18,2023Q3
2023-07-01,TWN,Taiwan,107347,100.88316350624605,18,2023Q3
2023-07-01,USA,USA,159880,87.67646135432932,18,2023Q3
2023-07-01,VNM,Vietnam,146305,98.86374770671648,18,2023Q3
2023-07-01,ZAF,South Africa (Rep Of),6207,58.0948592554461,18,2023Q3
2023-10-01,ARE,United Arab Emirates,17810,87.37887894026738,19,2023Q4
2023-10-01,AUS,Australia,288431,100.90856930945934,19,2023Q4
2023-10-01,BGD,Bangladesh,32582,95.13964930722848,19,2023Q4
2023-10-01,BRN,Brunei Darussalam,18470,101.7574789267809,19,2023Q4
2023-10-01,CAN,Canada,33177,95.77448525219576,19,2023Q4
2023-10-01,CHE,Switzerland,20642,84.25220150814788,19,2023Q4
2023-10-01,CHN,China,357268,39.39963386929575,19,2023Q4
2023-10-01,DEU,Germany,76585,80.45551362154866,19,2023Q4
2023-10-01,DNK,Denmark,6954,73.1057320823149,19,2023Q4
2023-10-01,EGY,Egypt,722,55.731377846391354,19,2023Q4
2023-10-01,ESP,Spain,12346,75.51185797947981,19,2023Q4
2023-10-01,FIN,Finland,6252,81.26076360682372,19,2023Q4
2023-10-01,FRA,France,35100,65.97496334724259,19,2023Q4
2023-10-01,GBR,United Kingdom,125573,82.63814511180101,19,2023Q4
2023-10-01,HKG,Hong Kong SAR,74194,60.747284777972006,19,2023Q4
2023-10-01,IDN,Indonesia,609487,78.37483516179701,19,2023Q4
2023-10-01,IND,India,277185,78.19079501802901,19,2023Q4
2023-10-01,IRL,Rep Of Ireland,5430,87.96371294346348,19,2023Q4
2023-10-01,IRN,Iran,1508,75.74083375188349,19,2023Q4
2023-10-01,ISR,Israel,2314,38.095238095238095,19,2023Q4
2023-10-01,ITA,Italy,12414,48.339239126202244,19,2023Q4
2023-10-01,JPN,Japan,111609,50.48422042998593,19,2023Q4
2023-10-01,KOR,South Korea,127433,78.92445281242645,19,2023Q4
2023-10-01,KWT,Kuwait,1254,52.11428571428571,19,2023Q4
2023-10-01,LKA,Sri Lanka,15510,62.83167915738303,19,2023Q4
2023-10-01,MMR,Myanmar,36280,93.02981544043644,19,2023Q4
2023-10-01,MUS,Mauritius,2083,63.62248014660966,19,2023Q4
2023-10-01,MYS,Malaysia,284740,93.30154907309561,19,2023Q4
2023-10-01,NLD,Netherlands,21196,85.25031924627713,19,2023Q4
2023-10-01,NOR,Norway,5462,64.39139404656646,19,2023Q4
2023-10-01,NZL,New Zealand,35439,92.63463310396203,19,2023Q4
2023-10-01,PAK,Pakistan,4517,90.45759487333532,19,2023Q4
2023-10-01,PHL,Philippines,178728,86.20408163265306,19,2023Q4
2023-10-01,RUS,Russian Federation,14170,70.62136333619905,19,2023Q4
2023-10-01,SAU,Saudi Arabia,5984,154.71527373796133,19,2023Q4
2023-10-01,SWE,Sweden,7708,61.483239276527,19,2023Q4
2023-10-01,THA,Thailand,110237,83.42645024945747,19,2023Q4
2023-10-01,TWN,Taiwan,67435,63.37444112125818,19,2023Q4
2023-10-01,USA,USA,168891,92.61799621337275,19,2023Q4
2023-10-01,VNM,Vietnam,84894,57.36604352424038,19,2023Q4
2023-10-01,ZAF,South Africa (Rep Of),7843,73.40711795399771,19,2023Q4
2024-01-01,ARE,United Arab Emirates,17052,83.66000245308476,20,2024Q1
2024-01-01,AUS,Australia,293928,102.83171351203846,20,2024Q1
2024-01-01,BGD,Bangladesh,27740,81.00097820215204,20,2024Q1
2024-01-01,BRN,Brunei Darussalam,14576,80.30411547573136,20,2024Q1
2024-01-01,CAN,Canada,38265,110.46238894943095,20,2024Q1
2024-01-01,CHE,Switzerland,23173,94.58270833971083,20,2024Q1
2024-01-01,CHN,China,785736,86.6512274201019,20,2024Q1
2024-01-01,DEU,Germany,117195,123.11789408993138,20,2024Q1
2024-01-01,DNK,Denmark,9278,97.53738600226025,20,2024Q1
2024-01-01,EGY,Egypt,674,52.02624469316866,20,2024Q1
2024-01-01,ESP,Spain,12382,75.73204483248979,20,2024Q1
2024-01-01,FIN,Finland,9740,126.59626320064986,20,2024Q1
2024-01-01,FRA,France,44224,83.12469456035488,20,2024Q1
2024-01-01,GBR,United Kingdom,200734,132.10073360413674,20,2024Q1
2024-01-01,HKG,Hong Kong SAR,85712,70.1777943349804,20,2024Q1
2024-01-01,IDN,Indonesia,664641,85.46716963080742,20,2024Q1
2024-01-01,IND,India,245289,69.1932893885936,20,2024Q1
2024-01-01,IRL,Rep Of Ireland,7181,116.32917544143852,20,2024Q1
2024-01-01,IRN,Iran,3122,156.80562531391263,20,2024Q1
2024-01-01,ISR,Israel,3705,60.9951845906902,20,2024Q1
2024-01-01,ITA,Italy,15479,60.27413262723414,20,2024Q1
2024-01-01,JPN,Japan,137852,62.35474517928142,20,2024Q1
2024-01-01,KOR,South Korea,190430,117.94106353197655,20,2024Q1
2024-01-01,KWT,Kuwait,1641,68.19740259740259,20,2024Q1
2024-01-01,LKA,Sri Lanka,14146,57.306056309499695,20,2024Q1
2024-01-01,MMR,Myanmar,38370,98.38903027699962,20,2024Q1
2024-01-01,MUS,Mauritius,1186,36.22480146609652,20,2024Q1
2024-01-01,MYS,Malaysia,313674,102.7824334619449,20,2024Q1
2024-01-01,NLD,Netherlands,21893,88.05365348456054,20,2024Q1
2024-01-01,NOR,Norway,7204,84.9277925139994,20,2024Q1
2024-01-01,NZL,New Zealand,31519,82.38807530697197,20,2024Q1
2024-01-01,PAK,Pakistan,3861,77.32051667167318,20,2024Q1
2024-01-01,PHL,Philippines,202162,97.50676755192474,20,2024Q1
2024-01-01,RUS,Russian Federation,22226,110.77137766481019,20,2024Q1
2024-01-01,SAU,Saudi Arabia,4894,126.53351431710944,20,2024Q1
2024-01-01,SWE,Sweden,9747,77.74742257762178,20,2024Q1
2024-01-01,THA,Thailand,104258,78.90159247900375,20,2024Q1
2024-01-01,TWN,Taiwan,114503,107.60826917338808,20,2024Q1
2024-01-01,USA,USA,186781,102.42867856031388,20,2024Q1
2024-01-01,VNM,Vietnam,93045,62.873978369648576,20,2024Q1
2024-01-01,ZAF,South Africa (Rep Of),7560,70.75835926714556,20,2024Q1
2024-04-01,ARE,United Arab Emirates,22469,110.23672267876856,21,2024Q2
2024-04-01,AUS,Australia,264383,92.49529447161639,21,2024Q2
2024-04-01,BGD,Bangladesh,35260,102.95942651073831,21,2024Q2
2024-04-01,BRN,Brunei Darussalam,12412,68.38190733292932,21,2024Q2
2024-04-01,CAN,Canada,30467,87.95132899836176,21,2024Q2
2024-04-01,CHE,Switzerland,19204,78.3828736441465,21,2024Q2
2024-04-01,CHN,China,660426,72.83199894130881,21,2024Q2
2024-04-01,DEU,Germany,66495,69.85557717914575,21,2024Q2
2024-04-01,DNK,Denmark,5596,58.82940418933481,21,2024Q2
2024-04-01,EGY,Egypt,675,52.10343496719414,21,2024Q2
2024-04-01,ESP,Spain,11777,72.03168244162754,21,2024Q2
2024-04-01,FIN,Finland,5151,66.95044679122664,21,2024Q2
2024-04-01,FRA,France,42891,80.61914965602797,21,2024Q2
2024-04-01,GBR,United Kingdom,109454,72.03041684969753,21,2024Q2
2024-04-01,HKG,Hong Kong SAR,74328,60.856998988827975,21,2024Q2
2024-04-01,IDN,Indonesia,633159,81.41885266824106,21,2024Q2
2024-04-01,IND,India,383667,108.22817884150345,21,2024Q2
2024-04-01,IRL,Rep Of Ireland,5820,94.28154867973433,21,2024Q2
2024-04-01,IRN,Iran,1181,59.3169261677549,21,2024Q2
2024-04-01,ISR,Israel,3888,64.0079022101494,21,2024Q2
2024-04-01,ITA,Italy,14529,56.57489973131887,21,2024Q2
2024-04-01,JPN,Japan,105447,47.69695626410708,21,2024Q2
2024-04-01,KOR,South Korea,116667,72.25663004298225,21,2024Q2
2024-04-01,KWT,Kuwait,1537,63.87532467532467,21,2024Q2
2024-04-01,LKA,Sri Lanka,17003,68.87988657079198,21,2024Q2
2024-04-01,MMR,Myanmar,41495,106.40221035559289,21,2024Q2
2024-04-01,MUS,Mauritius,1237,37.78252901649359,21,2024Q2
2024-04-01,MYS,Malaysia,285365,93.50634456431807,21,2024Q2
2024-04-01,NLD,Netherlands,19824,79.73213477723145,21,2024Q2
2024-04-01,NOR,Norway,5014,59.10993221338049,21,2024Q2
2024-04-01,NZL,New Zealand,40573,106.05448711665262,21,2024Q2
2024-04-01,PAK,Pakistan,4285,85.81155502152798,21,2024Q2
2024-04-01,PHL,Philippines,187585,90.47598950954087,21,2024Q2
2024-04-01,RUS,Russian Federation,11777,58.69497501837801,21,2024Q2
2024-04-01,SAU,Saudi Arabia,6927,179.0963738607718,21,2024Q2
2024-04-01,SWE,Sweden,5564,44.38151833609189,21,2024Q2
2024-04-01,THA,Thailand,100784,76.27249799923186,21,2024Q2
2024-04-01,TWN,Taiwan,93260,87.64440392924354,21,2024Q2
2024-04-01,USA,USA,165720,90.87905413835036,21,2024Q2
2024-04-01,VNM,Vietnam,104352,70.51454017765134,21,2024Q2
2024-04-01,ZAF,South Africa (Rep Of),6324,59.189929101247166,21,2024Q2
2024-07-01,ARE,United Arab Emirates,30113,147.7394823991169,22,2024Q3
2024-07-01,AUS,Australia,299549,104.79823953763373,22,2024Q3
2024-07-01,BGD,Bangladesh,34736,101.42934314455492,22,2024Q3
2024-07-01,BRN,Brunei Darussalam,14048,77.39518483830092,22,2024Q3
2024-07-01,CAN,Canada,30920,89.25903740536796,22,2024Q3
2024-07-01,CHE,Switzerland,24490,99.95816369220722,22,2024Q3
2024-07-01,CHN,China,1033294,113.9520059992501,22,2024Q3
2024-07-01,DEU,Germany,72414,76.07371630725108,22,2024Q3
2024-07-01,DNK,Denmark,7849,82.51465215905806,22,2024Q3
2024-07-01,EGY,Egypt,713,55.036665380162106,22,2024Q3
2024-07-01,ESP,Spain,29179,178.46756066606522,22,2024Q3
2024-07-01,FIN,Finland,3437,44.672623883021934,22,2024Q3
2024-07-01,FRA,France,62754,117.95421224765987,22,2024Q3
2024-07-01,GBR,United Kingdom,132570,87.2427902293603,22,2024Q3
2024-07-01,HKG,Hong Kong SAR,96078,78.66508918373445,22,2024Q3
2024-07-01,IDN,Indonesia,547349,70.38441779886107,22,2024Q3
2024-07-01,IND,India,269273,75.95890811872837,22,2024Q3
2024-07-01,IRL,Rep Of Ireland,6527,105.73465089907664,22,2024Q3
2024-07-01,IRN,Iran,1778,89.30185836263183,22,2024Q3
2024-07-01,ISR,Israel,4399,72.42046343169937,22,2024Q3
2024-07-01,ITA,Italy,45348,176.58190880417428,22,2024Q3
2024-07-01,JPN,Japan,190790,86.30024832976746,22,2024Q3
2024-07-01,KOR,South Korea,163271,101.12038745958802,22,2024Q3
2024-07-01,KWT,Kuwait,3797,157.7974025974026,22,2024Q3
2024-07-01,LKA,Sri Lanka,15909,64.4480453716832,22,2024Q3
2024-07-01,MMR,Myanmar,31906,81.813927548031,22,2024Q3
2024-07-01,MUS,Mauritius,1250,38.17959682345755,22,2024Q3
2024-07-01,MYS,Malaysia,275114,90.14737083548368,22,2024Q3
2024-07-01,NLD,Netherlands,32520,130.79545111761334,22,2024Q3
2024-07-01,NOR,Norway,6900,81.34394341290893,22,2024Q3
2024-07-01,NZL,New Zealand,48044,125.58306704045691,22,2024Q3
2024-07-01,PAK,Pakistan,5994,120.0360468609192,22,2024Q3
2024-07-01,PHL,Philippines,188739,91.03258674223012,22,2024Q3
2024-07-01,RUS,Russian Federation,10747,53.561594338329655,22,2024Q3
2024-07-01,SAU,Saudi Arabia,9538,246.60332234503264,22,2024Q3
2024-07-01,SWE,Sweden,5365,42.794185095818285,22,2024Q3
2024-07-01,THA,Thailand,88507,66.98136589555895,22,2024Q3
2024-07-01,TWN,Taiwan,122620,115.23650879051944,22,2024Q3
2024-07-01,USA,USA,163779,89.81463074900364,22,2024Q3
2024-07-01,VNM,Vietnam,121655,82.20682291965822,22,2024Q3
2024-07-01,ZAF,South Africa (Rep Of),6725,62.94311720523201,22,2024Q3
2024-10-01,ARE,United Arab Emirates,21869,107.29302097387465,23,2024Q4
2024-10-01,AUS,Australia,315917,110.52464017576635,23,2024Q4
2024-10-01,BGD,Bangladesh,37471,109.41556071423356,23,2024Q4
2024-10-01,BRN,Brunei Darussalam,16898,93.09679907443116,23,2024Q4
2024-10-01,CAN,Canada,39032,112.67654424341275,23,2024Q4
2024-10-01,CHE,Switzerland,22979,93.79087968490118,23,2024Q4
2024-10-01,CHN,China,602762,66.47279384194623,23,2024Q4
2024-10-01,DEU,Germany,83929,88.17067053264942,23,2024Q4
2024-10-01,DNK,Denmark,7628,80.19133222949354,23,2024Q4
2024-10-01,EGY,Egypt,909,70.16595908915478,23,2024Q4
2024-10-01,ESP,Spain,15281,93.46320280126606,23,2024Q4
2024-10-01,FIN,Finland,7703,100.12022745735175,23,2024Q4
2024-10-01,FRA,France,39587,74.40885680989436,23,2024Q4
2024-10-01,GBR,United Kingdom,137200,90.2897399069792,23,2024Q4
2024-10-01,HKG,Hong Kong SAR,73225,59.95390365618513,23,2024Q4
2024-10-01,IDN,Indonesia,644193,82.83773105477803,23,2024Q4
2024-10-01,IND,India,298878,84.31014821652857,23,2024Q4
2024-10-01,IRL,Rep Of Ireland,6643,107.61380204114694,23,2024Q4
2024-10-01,IRN,Iran,1215,61.02461074836766,23,2024Q4
2024-10-01,ISR,Israel,5494,90.4473803350208,23,2024Q4
2024-10-01,ITA,Italy,15804,61.53965967057357,23,2024Q4
2024-10-01,JPN,Japan,139147,62.94051393858249,23,2024Q4
2024-10-01,KOR,South Korea,124530,77.12650654643198,23,2024Q4
2024-10-01,KWT,Kuwait,1234,51.28311688311688,23,2024Q4
2024-10-01,LKA,Sri Lanka,16611,67.29187765849706,23,2024Q4
2024-10-01,MMR,Myanmar,37567,96.3299635240043,23,2024Q4
2024-10-01,MUS,Mauritius,2192,66.95174098961515,23,2024Q4
2024-10-01,MYS,Malaysia,310974,101.89771693986386,23,2024Q4
2024-10-01,NLD,Netherlands,21327,85.77720129106211,23,2024Q4
2024-10-01,NOR,Norway,5915,69.73180076628353,23,2024Q4
2024-10-01,NZL,New Zealand,37392,97.73961457781961,23,2024Q4
2024-10-01,PAK,Pakistan,5194,104.01521978572144,23,2024Q4
2024-10-01,PHL,Philippines,200593,96.75000753624936,23,2024Q4
2024-10-01,RUS,Russian Federation,16249,80.98281812631605,23,2024Q4
2024-10-01,SAU,Saudi Arabia,6940,179.43248658780945,23,2024Q4
2024-10-01,SWE,Sweden,9318,74.32548307974554,23,2024Q4
2024-10-01,THA,Thailand,101623,76.90744626305703,23,2024Q4
2024-10-01,TWN,Taiwan,72984,68.58931134861581,23,2024Q4
2024-10-01,USA,USA,176186,96.61849524752229,23,2024Q4
2024-10-01,VNM,Vietnam,74132,50.09375855230038,23,2024Q4
2024-10-01,ZAF,South Africa (Rep Of),9127,85.4248075438145,23,2024Q4
2025-01-01,ARE,United Arab Emirates,21561,105.78192076536243,24,2025Q1
2025-01-01,AUS,Australia,308130,107.80033166103402,24,2025Q1
2025-01-01,BGD,Bangladesh,34602,101.03806228373703,24,2025Q1
2025-01-01,BRN,Brunei Darussalam,12736,70.16693295135255,24,2025Q1
2025-01-01,CAN,Canada,50730,146.44602094354192,24,2025Q1
2025-01-01,CHE,Switzerland,23762,96.98676544116897,24,2025Q1
2025-01-01,CHN,China,831491,91.69710403846578,24,2025Q1
2025-01-01,DEU,Germany,116153,122.02323266545329,24,2025Q1
2025-01-01,DNK,Denmark,10006,105.19067518200215,24,2025Q1
2025-01-01,EGY,Egypt,800,61.75221922037823,24,2025Q1
2025-01-01,ESP,Spain,13240,80.97983149589443,24,2025Q1
2025-01-01,FIN,Finland,9874,128.33793663688058,24,2025Q1
2025-01-01,FRA,France,46656,87.69595128002705,24,2025Q1
2025-01-01,GBR,United Kingdom,179988,118.44802992986422,24,2025Q1
2025-01-01,HKG,Hong Kong SAR,70475,57.702306045334886,24,2025Q1
2025-01-01,IDN,Indonesia,640278,82.33429541192031,24,2025Q1
2025-01-01,IND,India,261467,73.7569226364305,24,2025Q1
2025-01-01,IRL,Rep Of Ireland,7900,127.97667260651224,24,2025Q1
2025-01-01,IRN,Iran,2280,114.51531893520844,24,2025Q1
2025-01-01,ISR,Israel,6662,109.67609169856361,24,2025Q1
2025-01-01,ITA,Italy,17149,66.77699466531676,24,2025Q1
2025-01-01,JPN,Japan,161386,72.99990501047147,24,2025Q1
2025-01-01,KOR,South Korea,189977,117.66050216149931,24,2025Q1
2025-01-01,KWT,Kuwait,1493,62.04675324675325,24,2025Q1
2025-01-01,LKA,Sri Lanka,13779,55.81932347579502,24,2025Q1
2025-01-01,MMR,Myanmar,37530,96.23508747187374,24,2025Q1
2025-01-01,MUS,Mauritius,1150,35.12522907758094,24,2025Q1
2025-01-01,MYS,Malaysia,312240,102.31255068688408,24,2025Q1
2025-01-01,NLD,Netherlands,22029,88.60064553105487,24,2025Q1
2025-01-01,NOR,Norway,7572,89.26613616268789,24,2025Q1
2025-01-01,NZL,New Zealand,30944,80.88507256889308,24,2025Q1
2025-01-01,PAK,Pakistan,4086,81.82637428657254,24,2025Q1
2025-01-01,PHL,Philippines,150865,72.76520061495795,24,2025Q1
2025-01-01,RUS,Russian Federation,25376,126.47055158922986,24,2025Q1
2025-01-01,SAU,Saudi Arabia,5638,145.76950423372762,24,2025Q1
2025-01-01,SWE,Sweden,11716,93.45324745248968,24,2025Q1
2025-01-01,THA,Thailand,79891,60.460848325692886,24,2025Q1
2025-01-01,TWN,Taiwan,106510,100.09656296915858,24,2025Q1
2025-01-01,USA,USA,205039,112.4411681237824,24,2025Q1
2025-01-01,VNM,Vietnam,73107,49.401127805576856,24,2025Q1
2025-01-01,ZAF,South Africa (Rep Of),6481,60.65938180031355,24,2025Q1
2025-04-01,ARE,United Arab Emirates,24269,119.06782779345026,25,2025Q2
2025-04-01,AUS,Australia,297880,104.21433419397273,25,2025Q2
2025-04-01,BGD,Bangladesh,40070,117.0046574102463,25,2025Q2
2025-04-01,BRN,Brunei Darussalam,13093,72.13376673461518,25,2025Q2
2025-04-01,CAN,Canada,29928,86.39535806817116,25,2025Q2
2025-04-01,CHE,Switzerland,21241,86.69707451964776,25,2025Q2
2025-04-01,CHN,China,646703,71.31862193696377,25,2025Q2
2025-04-01,DEU,Germany,72904,76.5884803168425,25,2025Q2
2025-04-01,DNK,Denmark,5593,58.79786590974796,25,2025Q2
2025-04-01,EGY,Egypt,712,54.95947510613663,25,2025Q2
2025-04-01,ESP,Spain,14126,86.39887460052906,25,2025Q2
2025-04-01,FIN,Finland,5235,68.04224207961006,25,2025Q2
2025-04-01,FRA,France,40784,76.65877222660802,25,2025Q2
2025-04-01,GBR,United Kingdom,124453,81.90108601051953,25,2025Q2
2025-04-01,HKG,Hong Kong SAR,95113,77.8749831130179,25,2025Q2
2025-04-01,IDN,Indonesia,640280,82.33455259487961,25,2025Q2
2025-04-01,IND,India,385789,108.82677135923802,25,2025Q2
2025-04-01,IRL,Rep Of Ireland,6820,110.48112749068525,25,2025Q2
2025-04-01,IRN,Iran,925,46.45906579608237,25,2025Q2
2025-04-01,ISR,Israel,4464,73.49055438943078,25,2025Q2
2025-04-01,ITA,Italy,16860,65.6516490790857,25,2025Q2
2025-04-01,JPN,Japan,107376,48.56950293336711,25,2025Q2
2025-04-01,KOR,South Korea,108318,67.0857539235238,25,2025Q2
2025-04-01,KWT,Kuwait,1650,68.57142857142857,25,2025Q2
2025-04-01,LKA,Sri Lanka,17767,71.97488353250962,25,2025Q2
2025-04-01,MMR,Myanmar,42971,110.18699557031407,25,2025Q2
2025-04-01,MUS,Mauritius,1294,39.523518631643256,25,2025Q2
2025-04-01,MYS,Malaysia,321912,105.48180187264997,25,2025Q2
2025-04-01,NLD,Netherlands,19538,78.58184267945661,25,2025Q2
2025-04-01,NOR,Norway,5201,61.31447096964339,25,2025Q2
2025-04-01,NZL,New Zealand,44862,117.26558058381853,25,2025Q2
2025-04-01,PAK,Pakistan,4504,90.19725643336336,25,2025Q2
2025-04-01,PHL,Philippines,210254,101.40970066017543,25,2025Q2
2025-04-01,RUS,Russian Federation,13128,65.42817627929578,25,2025Q2
2025-04-01,SAU,Saudi Arabia,7858,203.16721608170124,25,2025Q2
2025-04-01,SWE,Sweden,5678,45.29084491594711,25,2025Q2
2025-04-01,THA,Thailand,107140,81.08266625295384,25,2025Q2
2025-04-01,TWN,Taiwan,99971,93.95130500976201,25,2025Q2
2025-04-01,USA,USA,164885,90.4211491769364,25,2025Q2
2025-04-01,VNM,Vietnam,93816,63.39497183864744,25,2025Q2
2025-04-01,ZAF,South Africa (Rep Of),7561,70.7677188384772,25,2025Q2
2025-07-01,ARE,United Arab Emirates,32438,159.14632650558076,26,2025Q3
2025-07-01,AUS,Australia,313750,109.76650783321789,26,2025Q3
2025-07-01,BGD,Bangladesh,41454,121.04594630108186,26,2025Q3
2025-07-01,BRN,Brunei Darussalam,13493,74.33750206600187,26,2025Q3
2025-07-01,CAN,Canada,32019,92.43160150978257,26,2025Q3
2025-07-01,CHE,Switzerland,26131,106.65605453005583,26,2025Q3
2025-07-01,CHN,China,1019721,112.45517104479588,26,2025Q3
2025-07-01,DEU,Germany,80786,84.86882709969876,26,2025Q3
2025-07-01,DNK,Denmark,7702,80.96927645930248,26,2025Q3
2025-07-01,EGY,Egypt,916,70.70629100733309,26,2025Q3
2025-07-01,ESP,Spain,35830,219.14708175965993,26,2025Q3
2025-07-01,FIN,Finland,4083,53.069049553208764,26,2025Q3
2025-07-01,FRA,France,70918,133.2995000187963,26,2025Q3
2025-07-01,GBR,United Kingdom,140515,92.47130322907566,26,2025Q3
2025-07-01,HKG,Hong Kong SAR,99456,81.43086981262614,26,2025Q3
2025-07-01,IDN,Indonesia,556230,71.52643872969621,26,2025Q3
2025-07-01,IND,India,275970,77.84805707785581,26,2025Q3
2025-07-01,IRL,Rep Of Ireland,7010,113.55904746476592,26,2025Q3
2025-07-01,IRN,Iran,938,47.112004018081365,26,2025Q3
2025-07-01,ISR,Israel,5993,98.66238630283573,26,2025Q3
2025-07-01,ITA,Italy,48382,188.3960904949184,26,2025Q3
2025-07-01,JPN,Japan,208279,94.21106673240547,26,2025Q3
2025-07-01,KOR,South Korea,160075,99.14097434690517,26,2025Q3
2025-07-01,KWT,Kuwait,3693,153.47532467532469,26,2025Q3
2025-07-01,LKA,Sri Lanka,19157,77.6058335021268,26,2025Q3
2025-07-01,MMR,Myanmar,41287,105.86885308956171,26,2025Q3
2025-07-01,MUS,Mauritius,1291,39.43188759926696,26,2025Q3
2025-07-01,MYS,Malaysia,297693,97.54589466958295,26,2025Q3
2025-07-01,NLD,Netherlands,33659,135.3765095070033,26,2025Q3
2025-07-01,NOR,Norway,6864,80.91954022988506,26,2025Q3
2025-07-01,NZL,New Zealand,49057,128.23096577728114,26,2025Q3
2025-07-01,PAK,Pakistan,7628,152.75858616201063,26,2025Q3
2025-07-01,PHL,Philippines,175197,84.50100985741416,26,2025Q3
2025-07-01,RUS,Russian Federation,12544,62.517599272355746,26,2025Q3
2025-07-01,SAU,Saudi Arabia,10938,282.8000775644755,26,2025Q3
2025-07-01,SWE,Sweden,5850,46.66281133467604,26,2025Q3
2025-07-01,THA,Thailand,95092,71.96483945609378,26,2025Q3
2025-07-01,TWN,Taiwan,128496,120.75868890512629,26,2025Q3
2025-07-01,USA,USA,161749,88.70140072305112,26,2025Q3
2025-07-01,VNM,Vietnam,106322,71.84574268598824,26,2025Q3
2025-07-01,ZAF,South Africa (Rep Of),8877,83.08491471090623,26,2025Q3
2025-10-01,ARE,United Arab Emirates,7900,116.2762173433092,27,2025Q4
2025-10-01,AUS,Australia,116369,122.13627490081656,27,2025Q4
2025-10-01,BGD,Bangladesh,14385,126.0128772283299,27,2025Q4
2025-10-01,BRN,Brunei Darussalam,3946,65.2195471323894,27,2025Q4
2025-10-01,CAN,Canada,11814,102.31302728722676,27,2025Q4
2025-10-01,CHE,Switzerland,8818,107.97440842440382,27,2025Q4
2025-10-01,CHN,China,225996,74.7687421425263,27,2025Q4
2025-10-01,DEU,Germany,26922,84.84781632379706,27,2025Q4
2025-10-01,DNK,Denmark,3136,98.90404478435701,27,2025Q4
2025-10-01,EGY,Egypt,505,116.94326514859128,27,2025Q4
2025-10-01,ESP,Spain,5363,98.40517439104572,27,2025Q4
2025-10-01,FIN,Finland,2877,112.18196588139723,27,2025Q4
2025-10-01,FRA,France,14996,84.560730799594,27,2025Q4
2025-10-01,GBR,United Kingdom,47256,93.29588809863431,27,2025Q4
2025-10-01,HKG,Hong Kong SAR,26179,64.30317147758022,27,2025Q4
2025-10-01,IDN,Indonesia,177201,68.35961636017959,27,2025Q4
2025-10-01,IND,India,102736,86.94203709045108,27,2025Q4
2025-10-01,IRL,Rep Of Ireland,2199,106.8686214158432,27,2025Q4
2025-10-01,IRN,Iran,493,74.28427925665495,27,2025Q4
2025-10-01,ISR,Israel,2853,140.90628472650945,27,2025Q4
2025-10-01,ITA,Italy,5595,65.3596043767766,27,2025Q4
2025-10-01,JPN,Japan,54859,74.44329351311987,27,2025Q4
2025-10-01,KOR,South Korea,50779,94.3485154401655,27,2025Q4
2025-10-01,KWT,Kuwait,293,36.529870129870126,27,2025Q4
2025-10-01,LKA,Sri Lanka,6024,73.21045169131051,27,2025Q4
2025-10-01,MMR,Myanmar,15330,117.92836858064145,27,2025Q4
2025-10-01,MUS,Mauritius,376,34.45326817348809,27,2025Q4
2025-10-01,MYS,Malaysia,110301,108.42790789117987,27,2025Q4
2025-10-01,NLD,Netherlands,7725,93.20985792283793,27,2025Q4
2025-10-01,NOR,Norway,1761,62.28116710875331,27,2025Q4
2025-10-01,NZL,New Zealand,14984,117.50083318630044,27,2025Q4
2025-10-01,PAK,Pakistan,2143,128.74737158305797,27,2025Q4
2025-10-01,PHL,Philippines,64379,93.15382992192444,27,2025Q4
2025-10-01,RUS,Russian Federation,5724,85.58292527940792,27,2025Q4
2025-10-01,SAU,Saudi Arabia,1796,139.3057979445414,27,2025Q4
2025-10-01,SWE,Sweden,2956,70.73603605400123,27,2025Q4
2025-10-01,THA,Thailand,49760,112.9738698734455,27,2025Q4
2025-10-01,TWN,Taiwan,41966,118.31712594771501,27,2025Q4
2025-10-01,USA,USA,49937,82.15473074776976,27,2025Q4
2025-10-01,VNM,Vietnam,26319,53.354191091754984,27,2025Q4
2025-10-01,ZAF,South Africa (Rep Of),3494,98.10702669817722,27,2025Q4
