date,market_group,arrivals,index_2019
2019-01-01,ASEAN,483756,89.17474977230383
2019-01-01,Americas,117635,118.02714518989342
2019-01-01,Europe,343655,127.41550017070674
2019-01-01,Greater China,353764,102.38895699809869
2019-01-01,North Asia,66423,90.11548832397781
2019-01-01,Oceania,135641,125.55835055459004
2019-01-01,Other,1748312,100.0812538034799
2019-01-01,Total,1624593,101.98315381196585
2019-02-01,ASEAN,447503,82.49193404806407
2019-02-01,Americas,97846,98.17217705827612
2019-02-01,Europe,323987,120.12327960834779
2019-02-01,Greater China,380964,110.26137937671349
2019-02-01,North Asia,69905,94.83948649244492
2019-02-01,Oceania,73030,67.60143570897966
2019-02-01,Other,1604867,91.86981588402378
2019-02-01,Total,1499051,94.10230667310596
2019-03-01,ASEAN,522467,96.31066899281096
2019-03-01,Americas,116815,117.2044116577328
2019-03-01,Europe,322250,119.47925951902417
2019-03-01,Greater China,336183,97.30053575403889
2019-03-01,North Asia,84067,114.05294486746824
2019-03-01,Oceania,81949,75.85745659201936
2019-03-01,Other,1665597,95.34627463022318
2019-03-01,Total,1564664,98.2211356173797
2019-04-01,ASEAN,543431,100.17513672908002
2019-04-01,Americas,96691,97.01332677822064
2019-04-01,Europe,271055,100.49790749085832
2019-04-01,Greater China,356452,103.16693756257358
2019-04-01,North Asia,65224,88.48881577831669
2019-04-01,Oceania,121645,112.60272007146146
2019-04-01,Other,1738950,99.545330754214
2019-04-01,Total,1596724,100.23368886069149
2019-05-01,ASEAN,525619,96.89170325653545
2019-05-01,Americas,87021,87.31109110018035
2019-05-01,Europe,180914,67.07671297633743
2019-05-01,Greater China,321534,93.06071533402684
2019-05-01,North Asia,59154,80.2537012227178
2019-05-01,Oceania,93267,86.33415177693286
2019-05-01,Other,1708073,97.7777921949122
2019-05-01,Total,1487791,93.39546482907318
2019-06-01,ASEAN,613261,113.047478935895
2019-06-01,Americas,95522,95.84042982810388
2019-06-01,Europe,165204,61.25198321049143
2019-06-01,Greater China,304799,88.21714958012541
2019-06-01,North Asia,56735,76.97186561975342
2019-06-01,Oceania,102012,94.42910666225433
2019-06-01,Other,1766161,101.10301096074836
2019-06-01,Total,1551847,97.4165537421605
2019-07-01,ASEAN,607255,111.94034321637429
2019-07-01,Americas,105983,106.33630236460641
2019-07-01,Europe,262110,97.1814079519982
2019-07-01,Greater China,443557,128.37750194820745
2019-07-01,North Asia,71432,96.91115369613512
2019-07-01,Oceania,125305,115.99066002346565
2019-07-01,Other,1989544,113.89046006501735
2019-07-01,Total,1802593,113.157030209642
2019-08-01,ASEAN,510958,94.18911970943373
2019-08-01,Americas,87791,88.08365795355067
2019-08-01,Europe,321801,119.3127857020372
2019-08-01,Greater China,454033,131.40954227314748
2019-08-01,North Asia,108119,146.6840775348924
2019-08-01,Oceania,97936,90.65608938237206
2019-08-01,Other,1891566,108.28175802261455
2019-08-01,Total,1736102,108.98308517841792
2019-09-01,ASEAN,500621,92.28361489213677
2019-09-01,Americas,79191,79.4549892016224
2019-09-01,Europe,240878,89.30930977323041
2019-09-01,Greater China,285750,82.70384906945507
2019-09-01,North Asia,80855,109.69525327725678
2019-09-01,Oceania,125289,115.9758493570088
2019-09-01,Other,1614501,92.42130943845956
2019-09-01,Total,1463543,91.87330665552906
2019-10-01,ASEAN,546473,100.73589378182429
2019-10-01,Americas,84634,84.91613385473235
2019-10-01,Europe,245987,91.20355193578338
2019-10-01,Greater China,296484,85.8105616360746
2019-10-01,North Asia,80109,108.68316176844677
2019-10-01,Oceania,110325,102.12417355324088
2019-10-01,Other,1696943,97.14066086204213
2019-10-01,Total,1530479,96.07518637774733
2019-11-01,ASEAN,556023,102.49632437147176
2019-11-01,Americas,102581,102.9229615397157
2019-11-01,Europe,275431,102.12037836643705
2019-11-01,Greater China,291123,84.25894191652482
2019-11-01,North Asia,72769,98.72504960401581
2019-11-01,Oceania,98667,91.33275170611935
2019-11-01,Other,1670741,95.64074036034748
2019-11-01,Total,1533668,96.27537453410795
2019-12-01,ASEAN,652404,120.26303229406996
2019-12-01,Americas,124303,124.71737347336524
2019-12-01,Europe,283273,105.02792329474795
2019-12-01,Greater China,321476,93.04392855101361
2019-12-01,North Asia,69713,94.57900181457426
2019-12-01,Oceania,131297,121.53725461155555
2019-12-01,Other,1867456,106.90159302391757
2019-12-01,Total,1724961,108.28371351017911
2020-01-01,ASEAN,519593,95.78088077138199
2020-01-01,Americas,125003,125.4197069764292
2020-01-01,Europe,339071,125.71591002133448
2020-01-01,Greater China,370784,107.31500953059958
2020-01-01,North Asia,57270,77.69769532111181
2020-01-01,Oceania,145767,134.93165108846827
2020-01-01,Other,1818715,104.1114386397828
2020-01-01,Total,1688102,105.9699050262356
2020-02-01,ASEAN,242493,44.70074292935958
2020-02-01,Americas,69662,69.8942235577707
2020-02-01,Europe,293021,108.64214772233973
2020-02-01,Greater China,19574,5.665249839669339
2020-02-01,North Asia,53429,72.48664507266777
2020-02-01,Oceania,60976,56.44344986705113
2020-02-01,Other,726776,41.603931857859415
2020-02-01,Total,732966,46.01163757134332
2020-03-01,ASEAN,86810,16.00240622903632
2020-03-01,Americas,20726,20.795091692147157
2020-03-01,Europe,101188,37.51704363758267
2020-03-01,Greater China,6991,2.023386207680001
2020-03-01,North Asia,11611,15.75253955602286
2020-03-01,Oceania,20863,19.3121833930774
2020-03-01,Other,231813,13.270020275526386
2020-03-01,Total,240001,15.065963535498192
2020-04-01,ASEAN,503,0.0927221556641547
2020-04-01,Americas,13,0.013043336485472984
2020-04-01,Europe,64,0.023729007321078497
2020-04-01,Greater China,31,0.008972246093274216
2020-04-01,North Asia,25,0.0339172757644106
2020-04-01,Oceania,8,0.007405333228424446
2020-04-01,Other,856,0.049001295681651104
2020-04-01,Total,750,0.047080939877849025
2020-05-01,ASEAN,574,0.10581017366048669
2020-05-01,Americas,42,0.04214001018383579
2020-05-01,Europe,147,0.05450256369060217
2020-05-01,Greater China,25,0.007235682333285657
2020-05-01,North Asia,30,0.040700730917292725
2020-05-01,Oceania,17,0.015736333110401946
2020-05-01,Other,925,0.05295116647841971
2020-05-01,Total,880,0.05524163612334286
2020-06-01,ASEAN,1100,0.2027721098023264
2020-06-01,Americas,176,0.17658670934178808
2020-06-01,Europe,398,0.1475647642779569
2020-06-01,Greater China,186,0.05383347655964529
2020-06-01,North Asia,137,0.1858666711889701
2020-06-01,Oceania,66,0.061093999134501684
2020-06-01,Other,2279,0.13046022530196597
2020-06-01,Total,2171,0.13628362729974697
2020-07-01,ASEAN,2297,0.42342503292358524
2020-07-01,Americas,526,0.5277534608737531
2020-07-01,Europe,1263,0.4682771288519085
2020-07-01,Greater China,1295,0.3748083448641971
2020-07-01,North Asia,565,0.7665304322756796
2020-07-01,Oceania,158,0.14625533126138282
2020-07-01,Other,7582,0.4340278316101386
2020-07-01,Total,6843,0.4295664954454945
2020-08-01,ASEAN,2824,0.5205713073470634
2020-08-01,Americas,612,0.6140401483930359
2020-08-01,Europe,1674,0.6206618477419595
2020-08-01,Greater China,2509,0.7261730789685487
2020-08-01,North Asia,511,0.6932691166245527
2020-08-01,Oceania,178,0.16476866433244391
2020-08-01,Other,9516,0.5447387029282615
2020-08-01,Total,8912,0.5594471149218541
2020-09-01,ASEAN,3756,0.6923745858341255
2020-09-01,Americas,530,0.5317667951769754
2020-09-01,Europe,1538,0.5702377071846677
2020-09-01,Greater China,2717,0.7863739559814852
2020-09-01,North Asia,353,0.4789119337934777
2020-09-01,Oceania,218,0.20179533047456616
2020-09-01,Other,9888,0.5660336585282314
2020-09-01,Total,9500,0.5963585717860878
2020-10-01,ASEAN,6354,1.1712854415308926
2020-10-01,Americas,605,0.6070168133623965
2020-10-01,Europe,1711,0.634380180099458
2020-10-01,Greater China,3474,1.005470417033375
2020-10-01,North Asia,513,0.6959824986857056
2020-10-01,Oceania,286,0.26474066291617393
2020-10-01,Other,13855,0.7931226070902757
2020-10-01,Total,13399,0.8411166845643988
2020-11-01,ASEAN,6438,1.1867698571885248
2020-11-01,Americas,630,0.632100152757537
2020-11-01,Europe,1466,0.5435425739484544
2020-11-01,Greater China,4329,1.2529307528317446
2020-11-01,North Asia,763,1.0351552563298116
2020-11-01,Oceania,476,0.4406173270912545
2020-11-01,Other,15396,0.8813363882181079
2020-11-01,Total,14749,0.9258623763445271
2020-12-01,ASEAN,8796,1.6214395252920573
2020-12-01,Americas,797,0.7996568599170745
2020-12-01,Europe,1892,0.7014887789293831
2020-12-01,Greater China,8178,2.3669364048644046
2020-12-01,North Asia,712,0.9659640137704141
2020-12-01,Oceania,993,0.9191869869781844
2020-12-01,Other,26971,1.5439415255021167
2020-12-01,Total,24170,1.5172617557968147
2021-01-01,ASEAN,6748,1.2439147244964532
2021-01-01,Americas,829,0.8317635343428541
2021-01-01,Europe,2928,1.0856020849393413
2021-01-01,Greater China,6897,1.9961800421068474
2021-01-01,North Asia,556,0.7543202130004918
2021-01-01,Oceania,642,0.5942779915810618
2021-01-01,Other,28131,1.61034515049127
2021-01-01,Total,23366,1.4667909882477606
2021-02-01,ASEAN,5640,1.039667908441019
2021-02-01,Americas,659,0.6611968264558997
2021-02-01,Europe,1854,0.6873996808324927
2021-02-01,Greater China,4753,1.3756479252042693
2021-02-01,North Asia,358,0.48569538894635983
2021-02-01,Oceania,265,0.24530166319155977
2021-02-01,Other,22753,1.3024842063605229
2021-02-01,Total,18141,1.1387937737654124
2021-03-01,ASEAN,7298,1.3453007793976164
2021-03-01,Americas,741,0.74347017967196
2021-03-01,Europe,1741,0.6455031522812135
2021-03-01,Greater China,9151,2.6485491612758825
2021-03-01,North Asia,603,0.8180846914375838
2021-03-01,Oceania,302,0.27955132937302285
2021-03-01,Other,34568,1.9788280246767702
2021-03-01,Total,27202,1.7075943020763324
2021-04-01,ASEAN,7250,1.3364525418789694
2021-04-01,Americas,805,0.8076835285235194
2021-04-01,Europe,1657,0.614358830172298
2021-04-01,Greater China,9289,2.688490127755619
2021-04-01,North Asia,797,1.08128275136941
2021-04-01,Oceania,281,0.2601123296484087
2021-04-01,Other,31394,1.7971339680254144
2021-04-01,Total,25737,1.6156295328482673
2021-05-01,ASEAN,4467,0.8234391040790836
2021-05-01,Americas,430,0.43143343759641406
2021-05-01,Europe,800,0.29661259151348124
2021-05-01,Greater China,7674,2.2210650490253654
2021-05-01,North Asia,281,0.3812301795919752
2021-05-01,Oceania,282,0.26103799630196173
2021-05-01,Other,14446,0.8269541091321633
2021-05-01,Total,14190,0.8907713824889036
2021-06-01,ASEAN,1557,0.2870147045111111
2021-06-01,Americas,284,0.2849467355287944
2021-06-01,Europe,431,0.159800033677888
2021-06-01,Greater China,7354,2.128448315159309
2021-06-01,North Asia,121,0.16415961469974732
2021-06-01,Oceania,251,0.23234233004181698
2021-06-01,Other,10060,0.5758797132680025
2021-06-01,Total,10029,0.6295663280465972
2021-07-01,ASEAN,1949,0.3592753109133947
2021-07-01,Americas,869,0.8718968773750786
2021-07-01,Europe,1302,0.4827369926881907
2021-07-01,Greater China,13435,3.8884556859077124
2021-07-01,North Asia,297,0.40293723608119797
2021-07-01,Oceania,362,0.3350913285862062
2021-07-01,Other,18817,1.0771698374318093
2021-07-01,Total,18517,1.1623970182908405
2021-08-01,ASEAN,1911,0.35227045621113245
2021-08-01,Americas,1174,1.177913617995791
2021-08-01,Europe,2325,0.8620303440860548
2021-08-01,Greater China,9522,2.7559266871018413
2021-08-01,North Asia,341,0.46263164142656066
2021-08-01,Oceania,351,0.32490899539712254
2021-08-01,Other,16147,0.9243270109481547
2021-08-01,Total,15887,0.9972998557858499
2021-09-01,ASEAN,2744,0.5058242448159851
2021-09-01,Americas,1082,1.0856069290216745
2021-09-01,Europe,3881,1.4389418345797758
2021-09-01,Greater China,9657,2.794999371701584
2021-09-01,North Asia,780,1.0582190038496107
2021-09-01,Oceania,353,0.32676032870422866
2021-09-01,Other,19520,1.1174127239554081
2021-09-01,Total,19009,1.1932821148507096
2021-10-01,ASEAN,6420,1.1834517681190322
2021-10-01,Americas,1344,1.3484803258827454
2021-10-01,Europe,5476,2.030313188909779
2021-10-01,Greater China,6593,1.9081941449340938
2021-10-01,North Asia,779,1.0568623128190342
2021-10-01,Oceania,321,0.2971389957905309
2021-10-01,Other,27072,1.549723220436517
2021-10-01,Total,24006,1.5069667236101916
2021-11-01,ASEAN,12891,2.376304788601627
2021-11-01,Americas,2572,2.5805739569720396
2021-11-01,Europe,8432,3.1262967145520917
2021-11-01,Greater China,4028,1.165813137538985
2021-11-01,North Asia,432,0.5860905252090152
2021-11-01,Oceania,1649,1.5264243117089888
2021-11-01,Other,52349,2.996692555652749
2021-11-01,Total,41179,2.5849946976399267
2021-12-01,ASEAN,29565,5.449961296641618
2021-12-01,Americas,5460,5.478201323898653
2021-12-01,Europe,13741,5.0946920249834315
2021-12-01,Greater China,5571,1.612399451149376
2021-12-01,North Asia,583,0.7909508708260552
2021-12-01,Oceania,5588,5.172625260054476
2021-12-01,Other,125073,7.159741886438257
2021-12-01,Total,92796,5.825230529206504
2022-01-01,ASEAN,17311,3.1910799934437017
2022-01-01,Americas,3592,3.603974204293766
2022-01-01,Europe,10760,3.989439355856322
2022-01-01,Greater China,5329,1.5423580461631707
2022-01-01,North Asia,552,0.7488934488781861
2022-01-01,Oceania,3846,3.5601139495650527
2022-01-01,Other,72949,4.175929344253231
2022-01-01,Total,57174,3.5890742087681873
2022-02-01,ASEAN,18230,3.360486874269464
2022-02-01,Americas,5109,5.126031238790882
2022-02-01,Europe,15414,5.714983106985999
2022-02-01,Greater China,5646,1.634106498149233
2022-02-01,North Asia,536,0.7271863923889633
2022-02-01,Oceania,4625,4.281208272682883
2022-02-01,Other,85964,4.920966567730671
2022-02-01,Total,67765,4.253919854429919
2022-03-01,ASEAN,40248,7.419247159385484
2022-03-01,Americas,7594,7.619315174667834
2022-03-01,Europe,21336,7.910657815664544
2022-03-01,Greater China,7966,2.3055778186781417
2022-03-01,North Asia,869,1.1789645055709126
2022-03-01,Oceania,8044,7.4460625611807805
2022-03-01,Other,156339,8.949548557913143
2022-03-01,Total,121207,7.60871930636593
2022-04-01,ASEAN,134174,24.733404600561222
2022-04-01,Americas,17457,17.515194232838606
2022-04-01,Europe,48843,18.109311009116205
2022-04-01,Greater China,12677,3.6690697975624915
2022-04-01,North Asia,4362,5.917886275374363
2022-04-01,Oceania,28828,26.68511828862749
2022-04-01,Other,343822,19.681919957776454
2022-04-01,Total,295095,18.52446660433848
2022-05-01,ASEAN,200884,37.030611368664125
2022-05-01,Americas,30448,30.54950071612934
2022-05-01,Europe,64244,23.81947416149011
2022-05-01,Greater China,15762,4.561952997489942
2022-05-01,North Asia,6339,8.600064442823953
2022-05-01,Oceania,34467,31.90495254801317
2022-05-01,Other,484749,27.74921621540268
2022-05-01,Total,418458,26.268527919206598
2022-06-01,ASEAN,263671,48.604659057899276
2022-06-01,Americas,42456,42.59753029440315
2022-06-01,Europe,74074,27.46410137971201
2022-06-01,Greater China,20264,5.864954672068023
2022-06-01,North Asia,8429,11.435548696728679
2022-06-01,Oceania,54321,50.28313828765554
2022-06-01,Other,624191,35.73150438414192
2022-06-01,Total,543733,34.13261424346998
2022-07-01,ASEAN,325121,59.932246464583784
2022-07-01,Americas,55610,55.7953801505502
2022-07-01,Europe,127121,47.13211155723156
2022-07-01,Greater China,29389,8.505978723717288
2022-07-01,North Asia,12316,16.70900673257924
2022-07-01,Oceania,75642,70.01927700806024
2022-07-01,Other,828214,47.41069988514368
2022-07-01,Total,726739,45.620740221184164
2022-08-01,ASEAN,308942,56.94983740595484
2022-08-01,Americas,53703,53.8820230214889
2022-08-01,Europe,174994,64.88177979913766
2022-08-01,Greater China,26576,7.691819747575986
2022-08-01,North Asia,19220,26.075601607678873
2022-08-01,Oceania,64024,59.26488182708084
2022-08-01,Other,809944,46.364842791564506
2022-08-01,Total,728744,45.74660326712428
2022-09-01,ASEAN,332644,61.319023357350055
2022-09-01,Americas,58181,58.37495077394643
2022-09-01,Europe,153997,57.096811569126956
2022-09-01,Greater China,28758,8.323350101625158
2022-09-01,North Asia,19380,26.292672172571095
2022-09-01,Oceania,91866,85.03729279530502
2022-09-01,Other,879507,50.34694224425458
2022-09-01,Total,782215,49.1032231820689
2022-10-01,ASEAN,368574,67.9422978166206
2022-10-01,Americas,63110,63.32038196909231
2022-10-01,Europe,157447,58.375953370028846
2022-10-01,Greater China,31872,9.22462669305922
2022-10-01,North Asia,17512,23.758373327454336
2022-10-01,Oceania,82470,76.3397289185205
2022-10-01,Other,912567,52.23944555644544
2022-10-01,Total,816833,51.27635381765741
2022-11-01,ASEAN,349626,64.44945605613471
2022-11-01,Americas,76506,76.76103855058432
2022-11-01,Europe,164755,61.0855093935045
2022-11-01,Greater China,36914,10.68391910603627
2022-11-01,North Asia,22738,30.848440653246733
2022-11-01,Oceania,76335,70.66076399897251
2022-11-01,Other,905701,51.846404789914814
2022-11-01,Total,816340,51.245405946511035
2022-12-01,ASEAN,430759,79.40537386030938
2022-12-01,Americas,80996,81.26600630595152
2022-12-01,Europe,153699,56.986323378788185
2022-12-01,Greater China,48233,13.959946639254687
2022-12-01,North Asia,20260,27.48656027947835
2022-12-01,Oceania,98298,90.99118071095828
2022-12-01,Other,1030542,58.99286595135524
2022-12-01,Total,931441,58.470823627684766
2023-01-01,ASEAN,354409,65.33114605721154
2023-01-01,Americas,85312,85.59639401912855
2023-01-01,Europe,198842,73.72380115215455
2023-01-01,Greater China,57944,16.770575084796167
2023-01-01,North Asia,18466,25.052656570624247
2023-01-01,Oceania,113654,105.20571784291899
2023-01-01,Other,1034881,59.24124985551727
2023-01-01,Total,931814,58.49423854845068
2023-02-01,ASEAN,369459,68.10543719587065
2023-02-01,Americas,92574,92.88260244662892
2023-02-01,Europe,237560,88.07910904992825
2023-02-01,Greater China,57241,16.567107697584174
2023-02-01,North Asia,33105,44.913256567232516
2023-02-01,Oceania,79206,73.31835296132333
2023-02-01,Other,1046420,59.90179419064643
2023-02-01,Total,957844,60.12826103514456
2023-03-01,ASEAN,408007,75.21130927647071
2023-03-01,Americas,93091,93.40132590532043
2023-03-01,Europe,245105,90.87653655363977
2023-03-01,Greater China,85928,24.8699084613828
2023-03-01,North Asia,36407,49.39305035019587
2023-03-01,Oceania,81139,75.10766660264139
2023-03-01,Other,1092314,62.52897347103627
2023-03-01,Total,1021040,64.09536380383862
2023-04-01,ASEAN,479281,88.34983596197164
2023-04-01,Americas,77279,77.53661540468205
2023-04-01,Europe,202765,75.17831514778878
2023-04-01,Greater China,125623,36.358724870173766
2023-04-01,North Asia,22232,30.16195499177506
2023-04-01,Oceania,104002,96.27118330282491
2023-04-01,Other,1245946,71.32356115580662
2023-04-01,Total,1128610,70.84802607405226
2023-05-01,ASEAN,447265,82.4480615370341
2023-05-01,Americas,89954,90.25386847801822
2023-05-01,Europe,176127,65.30185738186863
2023-05-01,Greater China,123740,35.81373327683069
2023-05-01,North Asia,29216,39.637085149320804
2023-05-01,Oceania,90846,84.0931128086809
2023-05-01,Other,1267831,72.57635713243388
2023-05-01,Total,1112512,69.8374807805141
2023-06-01,ASEAN,468357,86.33612457335289
2023-06-01,Americas,81648,81.92017979737678
2023-06-01,Europe,134766,49.96661563488226
2023-06-01,Greater China,138248,40.012744448483026
2023-06-01,North Asia,25461,34.542710329506335
2023-06-01,Oceania,104122,96.38226330125127
2023-06-01,Other,1305958,74.75891834791788
2023-06-01,Total,1129310,70.89196828460491
2023-07-01,ASEAN,509396,93.90118331351441
2023-07-01,Americas,98488,98.81631721394332
2023-07-01,Europe,222853,82.62625732069229
2023-07-01,Greater China,266772,77.21109789661126
2023-07-01,North Asia,42901,58.20340190275917
2023-07-01,Oceania,113758,105.30198717488852
2023-07-01,Other,1585012,90.73322625112755
2023-07-01,Total,1419642,89.1174395334258
2023-08-01,ASEAN,420660,77.54374155404238
2023-08-01,Americas,77503,77.76136212566252
2023-08-01,Europe,276823,102.63648427567051
2023-08-01,Greater China,251385,72.7576801341206
2023-08-01,North Asia,68489,92.91841199314871
2023-08-01,Oceania,93104,86.1832681124037
2023-08-01,Other,1437357,82.28078896856424
2023-08-01,Total,1312693,82.40376028143103
2023-09-01,ASEAN,397842,73.33751064361557
2023-09-01,Americas,78925,79.1881024704581
2023-09-01,Europe,212168,78.66462539529036
2023-09-01,Greater China,162940,47.15928317542261
2023-09-01,North Asia,46111,62.558380110909496
2023-09-01,Oceania,119519,110.63475276600767
2023-09-01,Other,1243989,71.21153366088957
2023-09-01,Total,1130762,70.98311698420842
2023-10-01,ASEAN,426098,78.54617312959243
2023-10-01,Americas,77312,77.56972541268364
2023-10-01,Europe,202856,75.21205483007343
2023-10-01,Greater China,149414,43.24448960582173
2023-10-01,North Asia,38197,51.82152729492767
2023-10-01,Oceania,101092,93.57749334098551
2023-10-01,Other,1256913,71.95136163447562
2023-10-01,Total,1125964,70.6819245181632
2023-11-01,ASEAN,409773,75.53685068184427
2023-11-01,Americas,101235,101.57247454668135
2023-11-01,Europe,212810,78.90265699997992
2023-11-01,Greater China,128641,37.23221644144801
2023-11-01,North Asia,41540,56.356945410144654
2023-11-01,Oceania,97864,90.58944138331626
2023-11-01,Other,1209020,69.2097505899881
2023-11-01,Total,1100459,69.08085868938382
2023-12-01,ASEAN,486965,89.7662913180817
2023-12-01,Americas,101636,101.9748113105794
2023-12-01,Europe,204489,75.81751528250032
2023-12-01,Greater China,159478,46.157285885909204
2023-12-01,North Asia,32247,43.74921566299795
2023-12-01,Oceania,124914,115.62872436192639
2023-12-01,Other,1353367,77.47282305232372
2023-12-01,Total,1231565,77.31098362755084
2024-01-01,ASEAN,479307,88.35462875729422
2024-01-01,Americas,106478,106.83295248463018
2024-01-01,Europe,289005,107.15315251294204
2024-01-01,Greater China,238445,69.01249095841195
2024-01-01,North Asia,37894,51.41044991266301
2024-01-01,Oceania,138522,128.22519618347638
2024-01-01,Other,1550220,88.74157545748736
2024-01-01,Total,1419956,89.13715075358799
2024-02-01,ASEAN,424497,78.25104754068923
2024-02-01,Americas,101671,102.0099279857326
2024-02-01,Europe,300698,111.48851630365098
2024-02-01,Greater China,355643,102.93279088226845
2024-02-01,North Asia,45471,61.690097851340575
2024-02-01,Oceania,87479,80.97639318616775
2024-02-01,Other,1520098,87.01725649893281
2024-02-01,Total,1417807,89.00224816719133
2024-03-01,ASEAN,526922,97.13189603751039
2024-03-01,Americas,106422,106.77676580438506
2024-03-01,Europe,290674,107.77196053198705
2024-03-01,Greater China,285602,82.66101383004202
2024-03-01,North Asia,54984,74.5962996252141
2024-03-01,Oceania,99446,92.05384602923718
2024-03-01,Other,1565614,89.62279735669686
2024-03-01,Total,1464865,91.95629465888709
2024-04-01,ASEAN,497378,91.68580584478318
2024-04-01,Americas,88281,88.57529140569542
2024-04-01,Europe,236878,87.826246815663
2024-04-01,Greater China,248591,71.9490202765526
2024-04-01,North Asia,32513,44.11009547713128
2024-04-01,Oceania,109804,101.64190122673973
2024-04-01,Other,1473153,84.32991324452263
2024-04-01,Total,1343319,84.32629476769637
2024-05-01,ASEAN,424360,78.22579319610476
2024-05-01,Americas,92182,92.48929568491312
2024-05-01,Europe,196672,72.91923949767423
2024-05-01,Greater China,247840,71.7316603792607
2024-05-01,North Asia,39143,53.104957009852974
2024-05-01,Oceania,92396,85.52789612168814
2024-05-01,Other,1461291,83.65087893450422
2024-05-01,Total,1277160,80.17319089919155
2024-06-01,ASEAN,443414,81.73817481444432
2024-06-01,Americas,90333,90.63413190324854
2024-06-01,Europe,154075,57.12573129679952
2024-06-01,Greater China,243160,70.37714064646963
2024-06-01,North Asia,33984,46.105787983109195
2024-06-01,Oceania,102756,95.1178026524978
2024-06-01,Other,1432058,81.97745034027326
2024-06-01,Total,1250293,78.48662608359399
2024-07-01,ASEAN,465811,85.86679930830132
2024-07-01,Americas,100168,100.50191762129677
2024-07-01,Europe,254992,94.542297419007
2024-07-01,Greater China,450165,130.29003750254154
2024-07-01,North Asia,51274,69.56297590177557
2024-07-01,Oceania,123842,114.63640970931752
2024-07-01,Other,1758763,100.67951611792961
2024-07-01,Total,1602603,100.60274065474731
2024-08-01,ASEAN,390876,72.05341017372194
2024-08-01,Americas,84424,84.70543380381316
2024-08-01,Europe,328854,121.92779646196794
2024-08-01,Greater China,442274,128.00616673086324
2024-08-01,North Asia,81914,111.13198907863719
2024-08-01,Oceania,97029,89.81650972759945
2024-08-01,Other,1654252,94.69683572892839
2024-08-01,Total,1539828,96.66206598697134
2024-09-01,ASEAN,410631,75.69501292749008
2024-09-01,Americas,81885,82.15796985484272
2024-09-01,Europe,229536,85.10408475704803
2024-09-01,Greater China,245145,70.95165382373251
2024-09-01,North Asia,57914,78.57140434480303
2024-09-01,Oceania,126722,117.30232967155032
2024-09-01,Other,1389461,79.53900619056381
2024-09-01,Total,1270681,79.76647435323343
2024-10-01,ASEAN,435982,80.36817270530715
2024-10-01,Americas,89419,89.71708501496222
2024-10-01,Europe,229977,85.26759244811983
2024-10-01,Greater China,261607,75.71620592655445
2024-10-01,North Asia,51921,70.44075499855852
2024-10-01,Oceania,114938,106.39427382608113
2024-10-01,Other,1445108,82.72449112140123
2024-10-01,Total,1314493,82.51675453713787
2024-11-01,ASEAN,430243,79.31025530698392
2024-11-01,Americas,111005,111.3750435823022
2024-11-01,Europe,243664,90.34226312317611
2024-11-01,Greater China,201091,58.20122384330985
2024-11-01,North Asia,44439,60.289992707785714
2024-11-01,Oceania,103012,95.35477331580738
2024-11-01,Other,1335906,76.47327676272407
2024-11-01,Total,1234698,77.50765640706724
2024-12-01,ASEAN,519755,95.81074357300741
2024-12-01,Americas,104062,104.40889856548381
2024-12-01,Europe,235335,87.25415527978137
2024-12-01,Greater China,220213,63.73565254639338
2024-12-01,North Asia,43091,58.461173198568694
2024-12-01,Oceania,135359,125.29731255828807
2024-12-01,Other,1523442,87.20868212131533
2024-12-01,Total,1390641,87.29691375022914
2025-01-01,ASEAN,469595,86.56433536602133
2025-01-01,Americas,123882,124.29497003795109
2025-01-01,Europe,303681,112.59451050425686
2025-01-01,Greater China,406615,117.6854788779579
2025-01-01,North Asia,40228,54.57696677802839
2025-01-01,Oceania,155882,144.29476928915744
2025-01-01,Other,1767060,101.15447377011495
2025-01-01,Total,1633495,102.54197318102267
2025-02-01,ASEAN,413144,76.15825502924758
2025-02-01,Americas,114065,114.44524432426736
2025-02-01,Europe,319302,118.38624211929698
2025-02-01,Greater China,290928,84.2025035943252
2025-02-01,North Asia,55917,75.86209235674191
2025-02-01,Oceania,92533,85.6547124532249
2025-02-01,Other,1469105,84.0981874911122
2025-02-01,Total,1377513,86.47280897860726
2025-03-01,ASEAN,423908,78.14247229280417
2025-03-01,Americas,121220,121.62409605915654
2025-03-01,Europe,290619,107.7515684163205
2025-03-01,Greater China,211936,61.340062839489164
2025-03-01,North Asia,65644,89.05862601115878
2025-03-01,Oceania,90659,83.92001314446648
2025-03-01,Other,1389211,79.52469506448855
2025-03-01,Total,1296605,81.39384273375792
2025-04-01,ASEAN,504557,93.00917036866582
2025-04-01,Americas,94809,95.12505298855447
2025-04-01,Europe,262346,97.26890866649468
2025-04-01,Greater China,244028,70.6283635370813
2025-04-01,North Asia,31872,43.24045652653179
2025-04-01,Oceania,131593,121.81125194100726
2025-04-01,Other,1538056,88.04525330717006
2025-04-01,Total,1403644,88.11317169853803
2025-05-01,ASEAN,471399,86.89688162609714
2025-05-01,Americas,84016,84.29607370488448
2025-05-01,Europe,207239,76.83712106582792
2025-05-01,Greater China,276638,80.06658757261911
2025-05-01,North Asia,40530,54.98668746926248
2025-05-01,Oceania,103713,96.00366563994807
2025-05-01,Other,1564788,89.57551339614423
2025-05-01,Total,1374170,86.26295353592506
2025-06-01,ASEAN,453510,83.59925410586641
2025-06-01,Americas,90060,90.36022183705361
2025-06-01,Europe,164474,60.98132422073539
2025-06-01,Greater China,226712,65.61664052575432
2025-06-01,North Asia,35188,47.73924398392321
2025-06-01,Oceania,107436,99.4499225911261
2025-06-01,Other,1414490,80.9717788887134
2025-06-01,Total,1245947,78.21380773064848
2025-07-01,ASEAN,473991,87.37468645210407
2025-07-01,Americas,105970,106.32325902812094
2025-07-01,Europe,298735,110.76070315722477
2025-07-01,Greater China,456673,132.17363032754247
2025-07-01,North Asia,56250,76.31387046992386
2025-07-01,Oceania,139447,129.08143783801296
2025-07-01,Other,1830423,104.78165729613885
2025-07-01,Total,1680770,105.50964175798974
2025-08-01,ASEAN,402194,74.13975084530624
2025-08-01,Americas,84442,84.72349380817768
2025-08-01,Europe,372334,138.04869081072565
2025-08-01,Greater China,441255,127.7112403189585
2025-08-01,North Asia,93004,126.17769260772975
2025-08-01,Oceania,98794,91.45031137112059
2025-08-01,Other,1726511,98.83326636521393
2025-08-01,Total,1609317,101.0242092285338
2025-09-01,ASEAN,409129,75.41813682846909
2025-09-01,Americas,76773,77.0289286153244
2025-09-01,Europe,231328,85.76849696203823
2025-09-01,Greater China,230669,66.76190432546679
2025-09-01,North Asia,59390,80.57388030593383
2025-09-01,Oceania,124566,115.30659236648995
2025-09-01,Other,1376800,78.81423352160893
2025-09-01,Total,1254344,78.74092593352088
2025-10-01,ASEAN,447236,82.4427157268666
2025-10-01,Americas,91307,91.61137880608321
2025-10-01,Europe,245256,90.93252218028793
2025-10-01,Greater China,253898,73.48501092226248
2025-10-01,North Asia,54952,74.55288551223566
2025-10-01,Oceania,131353,121.58909194415453
2025-10-01,Other,1532778,87.7431168134694
2025-10-01,Total,1378409,86.52905500811467
